,,,,,,,,,Standard,Standard,Standard,Standard,Standard,Standard,Standard,Standard,Standard,Performance,Performance,Expected,Expected,Expected,Expected,Expected,
Rk,Player,Nation,Pos,Squad,Age,Born,90s,Gls,Sh,SoT,SoT%,Sh/90,SoT/90,G/Sh,G/SoT,Dist,FK,PK,PKatt,xG,npxG,npxG/Sh,G-xG,np:G-xG,Matches
1,Patrick van Aanholt\5f09991f,nl NED,DF,Crystal Palace,28,1990,27.9,3,26,5,19.2,0.93,0.18,0.08,0.40,21.0,3,1,1,2.4,1.6,0.06,+0.6,+0.4,Matches
2,Max Aarons\774cf58b,eng ENG,DF,Norwich City,19,2000,36.0,0,14,4,28.6,0.39,0.11,0.00,0.00,17.8,0,0,0,0.5,0.5,0.04,-0.5,-0.5,Matches
3,Tammy Abraham\f586779e,eng ENG,FW,Chelsea,21,1997,24.6,15,88,35,39.8,3.58,1.42,0.17,0.43,11.1,0,0,0,14.1,14.1,0.16,+0.9,+0.9,Matches
4,Che Adams\f2bf1b0f,sct SCO,FW,Southampton,23,1996,12.3,4,37,9,24.3,3.00,0.73,0.11,0.44,15.2,0,0,0,4.0,4.0,0.11,0.0,0.0,Matches
5,Adrián\f76e6b4e,es ESP,GK,Liverpool,32,1987,9.7,0,0,0,,0.00,0.00,,,,0,0,0,0.0,0.0,,0.0,0.0,Matches
6,Sergio Agüero\4d034881,ar ARG,FW,Manchester City,31,1988,16.1,16,73,25,34.2,4.52,1.55,0.19,0.56,12.9,0,2,3,14.0,11.8,0.16,+2.0,+2.2,Matches
7,Albian Ajeti\2b1c4abd,ch SUI,MFFW,West Ham,22,1997,1.5,0,3,0,0.0,1.94,0.00,0.00,,14.2,0,0,0,0.1,0.1,0.04,-0.1,-0.1,Matches
8,Nathan Aké\eaeca114,nl NED,DF,Bournemouth,24,1995,27.8,2,24,7,29.2,0.86,0.25,0.08,0.29,9.7,0,0,0,2.4,2.4,0.10,-0.4,-0.4,Matches
9,Marc Albrighton\b827d5b3,eng ENG,MFDF,Leicester City,29,1989,9.6,0,10,2,20.0,1.04,0.21,0.00,0.00,20.7,0,0,0,0.6,0.6,0.06,-0.6,-0.6,Matches
10,Toby Alderweireld\f7d50789,be BEL,DF,Tottenham,30,1989,32.9,2,16,5,31.3,0.49,0.15,0.13,0.40,11.2,0,0,0,1.1,1.1,0.07,+0.9,+0.9,Matches
11,Trent Alexander-Arnold\cd1acf9d,eng ENG,DF,Liverpool,20,1998,35.3,4,44,13,29.5,1.25,0.37,0.09,0.31,22.6,12,0,0,2.8,2.8,0.06,+1.2,+1.2,Matches
12,Alisson\7a2e46a8,br BRA,GK,Liverpool,26,1992,28.3,0,0,0,,0.00,0.00,,,,0,0,0,0.0,0.0,,0.0,0.0,Matches
13,Dele Alli\cea4ee8f,eng ENG,MFFW,Tottenham,23,1996,20.5,8,39,18,46.2,1.90,0.88,0.18,0.39,14.3,0,1,1,7.1,6.3,0.16,+0.9,+0.7,Matches
14,Miguel Almirón\862a1c15,py PAR,MFFW,Newcastle Utd,25,1994,33.6,4,55,17,30.9,1.64,0.51,0.07,0.24,15.7,0,0,0,6.3,6.3,0.12,-2.3,-2.3,Matches
15,Marcos Alonso\f4290206,es ESP,DF,Chelsea,28,1990,15.9,4,30,8,26.7,1.89,0.50,0.13,0.50,16.9,1,0,0,2.0,2.0,0.07,+2.0,+2.0,Matches
16,Steven Alzate\ad1f61f3,co COL,MFDF,Brighton,20,1998,13.2,0,13,3,23.1,0.98,0.23,0.00,0.00,16.8,0,0,0,1.2,1.2,0.09,-1.2,-1.2,Matches
17,Ibrahim Amadou\9260926b,fr FRA,DFMF,Norwich City,26,1993,8.4,0,6,1,16.7,0.71,0.12,0.00,0.00,16.5,0,0,0,1.0,1.0,0.16,-1.0,-1.0,Matches
18,Felipe Anderson\9f1893b9,br BRA,MFFW,West Ham,26,1993,16.6,1,23,8,34.8,1.38,0.48,0.04,0.13,16.7,0,0,0,2.5,2.5,0.11,-1.5,-1.5,Matches
19,Florin Andone\dc008610,ro ROU,MFFW,Brighton,26,1993,0.8,1,1,1,100.0,1.23,1.23,1.00,1.00,6.7,0,0,0,0.1,0.1,0.15,+0.9,+0.9,Matches
20,Angeliño\30941e96,es ESP,DF,Manchester City,22,1997,4.7,0,5,0,0.0,1.06,0.00,0.00,,19.1,0,0,0,0.2,0.2,0.04,-0.2,-0.2,Matches
21,Faustino Anjorin\b105919e,eng ENG,FW,Chelsea,17,2001,0.2,0,1,0,0.0,4.50,0.00,0.00,,31.3,0,0,0,0.0,0.0,0.01,0.0,0.0,Matches
22,Michail Antonio\ac05f970,jm JAM,FW,West Ham,29,1990,19.6,10,67,30,44.8,3.41,1.53,0.13,0.30,13.4,0,1,1,11.7,10.9,0.16,-1.7,-1.9,Matches
23,Stuart Armstrong\97333cf5,sct SCO,MF,Southampton,27,1992,19.1,5,46,19,41.3,2.41,1.00,0.11,0.26,20.4,0,0,0,2.9,2.9,0.06,+2.1,+2.1,Matches
24,Kepa Arrizabalaga\28d596a0,es ESP,GK,Chelsea,24,1994,33.0,0,0,0,,0.00,0.00,,,,0,0,0,0.0,0.0,,0.0,0.0,Matches
25,Christian Atsu\8816329f,gh GHA,FWMF,Newcastle Utd,27,1992,8.3,0,5,1,20.0,0.60,0.12,0.00,0.00,19.7,0,0,0,0.2,0.2,0.04,-0.2,-0.2,Matches
26,Pierre-Emerick Aubameyang\d5dd5f1f,ga GAB,FW,Arsenal,30,1989,34.8,22,90,40,44.4,2.58,1.15,0.22,0.50,15.3,2,2,2,15.8,14.3,0.16,+6.2,+5.7,Matches
27,Serge Aurier\5c2b4f07,ci CIV,DF,Tottenham,26,1992,30.0,1,13,4,30.8,0.43,0.13,0.08,0.25,18.7,0,0,0,0.6,0.6,0.04,+0.4,+0.4,Matches
28,Jordan Ayew\da052c14,gh GHA,FWMF,Crystal Palace,27,1991,35.0,9,56,24,42.9,1.60,0.69,0.16,0.38,14.7,0,0,0,6.5,6.5,0.12,+2.5,+2.5,Matches
29,César Azpilicueta\53cad200,es ESP,DF,Chelsea,29,1989,35.9,2,29,6,20.7,0.81,0.17,0.07,0.33,13.2,0,0,0,2.7,2.7,0.09,-0.7,-0.7,Matches
30,Eric Bailly\a1232f4e,ci CIV,DF,Manchester Utd,25,1994,1.7,0,0,0,,0.00,0.00,,,,0,0,0,0.0,0.0,,0.0,0.0,Matches
31,Leighton Baines\b18095b6,eng ENG,DF,Everton,34,1984,4.5,0,1,0,0.0,0.22,0.00,0.00,,32.4,1,0,0,0.0,0.0,0.03,0.0,0.0,Matches
32,Fabián Balbuena\3626f7d9,py PAR,DF,West Ham,27,1991,13.1,1,10,4,40.0,0.76,0.31,0.10,0.25,7.2,0,0,0,1.7,1.7,0.17,-0.7,-0.7,Matches
33,George Baldock\394854c4,eng ENG,DF,Sheffield Utd,26,1993,38.0,2,13,5,38.5,0.34,0.13,0.15,0.40,16.9,0,0,0,0.9,0.9,0.07,+1.1,+1.1,Matches
34,Phil Bardsley\1ae30132,sct SCO,DF,Burnley,34,1985,21.0,0,12,5,41.7,0.57,0.24,0.00,0.00,25.7,0,0,0,0.2,0.2,0.02,-0.2,-0.2,Matches
35,Ross Barkley\3a24769f,eng ENG,MF,Chelsea,25,1993,12.3,1,40,12,30.0,3.26,0.98,0.03,0.08,21.9,4,0,0,2.2,2.2,0.05,-1.2,-1.2,Matches
36,Ashley Barnes\2691c772,eng ENG,FW,Burnley,29,1989,15.0,6,39,11,28.2,2.60,0.73,0.13,0.45,15.3,0,1,1,5.6,4.8,0.12,+0.4,+0.2,Matches
37,Harvey Barnes\3ea50f67,eng ENG,MFFW,Leicester City,21,1997,23.1,6,61,27,44.3,2.64,1.17,0.10,0.22,16.2,0,0,0,8.7,8.7,0.14,-2.7,-2.7,Matches
38,Chris Basham\1aa84968,eng ENG,DF,Sheffield Utd,31,1988,36.0,0,6,0,0.0,0.17,0.00,0.00,,12.2,0,0,0,0.5,0.5,0.09,-0.5,-0.5,Matches
39,Borja Bastón\8c44e37b,es ESP,MFFW,Aston Villa,26,1992,0.2,0,0,0,,0.00,0.00,,,,0,0,0,0.0,0.0,,0.0,0.0,Matches
40,Michy Batshuayi\2973d8ff,be BEL,FW,Chelsea,25,1993,2.7,1,15,2,13.3,5.65,0.75,0.07,0.50,13.1,0,0,0,2.2,2.2,0.15,-1.2,-1.2,Matches
41,Jan Bednarek\4115ce4e,pl POL,DF,Southampton,23,1996,34.0,1,7,1,14.3,0.21,0.03,0.14,1.00,7.4,0,0,0,0.8,0.8,0.12,+0.2,+0.2,Matches
42,Héctor Bellerín\f874dd44,es ESP,DF,Arsenal,24,1995,12.9,1,7,2,28.6,0.54,0.16,0.14,0.50,16.9,0,0,0,0.5,0.5,0.07,+0.5,+0.5,Matches
43,Ryan Bennett\0bad4516,eng ENG,DF,Wolves,29,1990,6.7,0,0,0,,0.00,0.00,,,,0,0,0,0.0,0.0,,0.0,0.0,Matches
44,Ryan Bennett\0bad4516,eng ENG,DF,Leicester City,29,1990,3.7,0,0,0,,0.00,0.00,,,,0,0,0,0.0,0.0,,0.0,0.0,Matches
45,Nabil Bentaleb\3189f61a,dz ALG,MF,Newcastle Utd,24,1994,8.3,0,4,0,0.0,0.48,0.00,0.00,,27.4,0,0,0,0.1,0.1,0.02,-0.1,-0.1,Matches
46,Christian Benteke\ab070c55,be BEL,FW,Crystal Palace,28,1990,14.0,2,42,19,45.2,3.00,1.36,0.05,0.11,12.3,0,0,0,5.1,5.1,0.12,-3.1,-3.1,Matches
47,Jóhann Berg Guðmundsson\f72293fc,is ISL,MF,Burnley,28,1990,6.9,1,11,2,18.2,1.59,0.29,0.09,0.50,14.5,2,0,0,1.1,1.1,0.10,-0.1,-0.1,Matches
48,Sander Berge\d0b6129f,no NOR,MF,Sheffield Utd,21,1998,10.5,1,5,2,40.0,0.48,0.19,0.20,0.50,13.0,0,0,0,0.5,0.5,0.09,+0.5,+0.5,Matches
49,Steven Bergwijn\a29b1131,nl NED,FWMF,Tottenham,21,1997,7.8,3,9,4,44.4,1.15,0.51,0.33,0.75,15.0,0,0,0,1.2,1.2,0.13,+1.8,+1.8,Matches
50,Bernard\ab4b3e35,br BRA,MFFW,Everton,26,1992,14.2,3,12,4,33.3,0.84,0.28,0.25,0.75,15.7,1,0,0,1.1,1.1,0.09,+1.9,+1.9,Matches
51,Bernardo\17370b95,br BRA,DF,Brighton,24,1995,7.5,0,7,2,28.6,0.93,0.27,0.00,0.00,18.1,0,0,0,0.2,0.2,0.04,-0.2,-0.2,Matches
52,Ryan Bertrand\01226327,eng ENG,DF,Southampton,29,1989,30.5,1,19,4,21.1,0.62,0.13,0.05,0.25,19.7,1,0,0,1.7,1.7,0.09,-0.7,-0.7,Matches
53,Muhamed Bešić\7ca9f0f0,ba BIH,MF,Sheffield Utd,26,1992,2.8,0,4,2,50.0,1.44,0.72,0.00,0.00,21.5,0,0,0,0.1,0.1,0.03,-0.1,-0.1,Matches
54,Philip Billing\d328a254,dk DEN,MF,Bournemouth,23,1996,28.1,1,34,8,23.5,1.21,0.28,0.03,0.13,19.0,1,0,0,2.5,2.5,0.07,-1.5,-1.5,Matches
55,Yves Bissouma\6c203af0,ml MLI,MF,Brighton,22,1996,14.0,1,16,6,37.5,1.14,0.43,0.06,0.17,28.0,0,0,0,0.4,0.4,0.03,+0.6,+0.6,Matches
56,Willy Boly\a4ac4b8f,ci CIV,DF,Wolves,28,1991,22.0,0,4,3,75.0,0.18,0.14,0.00,0.00,10.3,0,0,0,0.3,0.3,0.07,-0.3,-0.3,Matches
57,Gaëtan Bong\cfd5e123,cm CMR,MFDF,Brighton,31,1988,0.7,0,0,0,,0.00,0.00,,,,0,0,0,0.0,0.0,,0.0,0.0,Matches
58,Sofiane Boufal\b0c71810,ma MAR,MFFW,Southampton,25,1993,8.5,0,21,7,33.3,2.47,0.82,0.00,0.00,20.0,0,0,0,1.0,1.0,0.05,-1.0,-1.0,Matches
59,Jarrod Bowen\79c84d1c,eng ENG,FW,West Ham,22,1996,10.2,1,24,7,29.2,2.36,0.69,0.04,0.14,17.9,0,0,0,1.7,1.7,0.07,-0.7,-0.7,Matches
60,Robbie Brady\96bb8cc2,ie IRL,MF,Burnley,27,1992,5.0,1,12,1,8.3,2.38,0.20,0.08,1.00,15.2,2,0,0,1.2,1.2,0.10,-0.2,-0.2,Matches
61,Jarrad Branthwaite\c1949191,eng ENG,DF,Everton,17,2002,3.3,0,0,0,,0.00,0.00,,,,0,0,0,0.0,0.0,,0.0,0.0,Matches
62,Claudio Bravo\10072610,cl CHI,GK,Manchester City,36,1983,3.9,0,0,0,,0.00,0.00,,,,0,0,0,0.0,0.0,,0.0,0.0,Matches
63,Armando Broja\97220da2,al ALB,FW,Chelsea,17,2001,0.1,0,0,0,,0.00,0.00,,,,0,0,0,0.0,0.0,,0.0,0.0,Matches
64,David Brooks\dc4cae05,wls WAL,MF,Bournemouth,22,1997,5.6,1,6,2,33.3,1.07,0.36,0.17,0.50,21.7,1,0,0,0.8,0.8,0.13,+0.2,+0.2,Matches
65,Josh Brownhill\47369df8,eng ENG,MF,Burnley,23,1995,8.9,0,5,0,0.0,0.56,0.00,0.00,,15.5,0,0,0,0.4,0.4,0.07,-0.4,-0.4,Matches
66,Emi Buendía\66b76d44,ar ARG,FWMF,Norwich City,22,1996,27.4,1,40,11,27.5,1.46,0.40,0.03,0.09,22.1,10,0,0,2.2,2.2,0.05,-1.2,-1.2,Matches
67,Dan Burn\b2d31e83,eng ENG,DF,Brighton,27,1992,32.0,0,13,0,0.0,0.41,0.00,0.00,,11.6,0,0,0,1.2,1.2,0.10,-1.2,-1.2,Matches
68,Sam Byram\1bf811d4,eng ENG,DF,Norwich City,25,1993,14.4,0,16,2,12.5,1.11,0.14,0.00,0.00,11.3,0,0,0,1.2,1.2,0.07,-1.2,-1.2,Matches
69,Willy Caballero\a179d516,ar ARG,GK,Chelsea,37,1981,5.0,0,0,0,,0.00,0.00,,,,0,0,0,0.0,0.0,,0.0,0.0,Matches
70,Gary Cahill\7914b9fe,eng ENG,DF,Crystal Palace,33,1985,24.1,0,20,5,25.0,0.83,0.21,0.00,0.00,11.6,0,0,0,1.3,1.3,0.06,-1.3,-1.3,Matches
71,Dominic Calvert-Lewin\59e6e5bf,eng ENG,FW,Everton,22,1997,29.2,13,83,37,44.6,2.84,1.27,0.16,0.35,12.2,0,0,0,14.3,14.3,0.17,-1.3,-1.3,Matches
72,Víctor Camarasa\b2d03887,es ESP,MF,Crystal Palace,25,1994,0.1,0,0,0,,0.00,0.00,,,,0,0,0,0.0,0.0,,0.0,0.0,Matches
73,João Cancelo\bd6351cd,pt POR,DF,Manchester City,25,1994,13.4,0,15,4,26.7,1.12,0.30,0.00,0.00,23.8,0,0,0,0.5,0.5,0.03,-0.5,-0.5,Matches
74,Todd Cantwell\f63d8a4b,eng ENG,FWMF,Norwich City,21,1998,27.7,6,42,16,38.1,1.52,0.58,0.14,0.38,15.7,0,0,0,5.8,5.8,0.14,+0.2,+0.2,Matches
75,Étienne Capoue\5acc4a10,fr FRA,MF,Watford,31,1988,29.2,0,19,1,5.3,0.65,0.03,0.00,0.00,26.6,2,0,0,0.8,0.8,0.04,-0.8,-0.8,Matches
76,Andy Carroll\b581987a,eng ENG,FW,Newcastle Utd,30,1989,7.0,0,15,3,20.0,2.14,0.43,0.00,0.00,13.8,0,0,0,0.9,0.9,0.06,-0.9,-0.9,Matches
77,Jonny Castro\e28868f3,es ESP,DF,Wolves,25,1994,32.1,2,17,5,29.4,0.53,0.16,0.12,0.40,17.9,0,0,0,1.3,1.3,0.08,+0.7,+0.7,Matches
78,Craig Cathcart\89e4b358,nir NIR,DF,Watford,30,1989,27.6,0,2,1,50.0,0.07,0.04,0.00,0.00,8.0,0,0,0,0.3,0.3,0.15,-0.3,-0.3,Matches
79,Dani Ceballos\c0617e2b,es ESP,MF,Arsenal,22,1996,18.8,0,13,3,23.1,0.69,0.16,0.00,0.00,21.6,0,0,0,0.5,0.5,0.04,-0.5,-0.5,Matches
80,Nathaniel Chalobah\422862ea,eng ENG,MF,Watford,24,1994,10.3,0,9,0,0.0,0.87,0.00,0.00,,21.6,2,0,0,0.4,0.4,0.05,-0.4,-0.4,Matches
81,Calum Chambers\dc6f5bdd,eng ENG,DF,Arsenal,24,1995,12.2,1,12,2,16.7,0.98,0.16,0.08,0.50,11.6,0,0,0,0.7,0.7,0.06,+0.3,+0.3,Matches
82,Ben Chilwell\d2424d1b,eng ENG,DF,Leicester City,22,1996,26.4,3,15,6,40.0,0.57,0.23,0.20,0.50,18.1,0,0,0,1.0,1.0,0.07,+2.0,+2.0,Matches
83,Tahith Chong\2696b6a9,nl NED,FWDF,Manchester Utd,19,1999,0.4,0,1,0,0.0,2.43,0.00,0.00,,12.8,0,0,0,0.1,0.1,0.06,-0.1,-0.1,Matches
84,Hamza Choudhury\7d2d3329,eng ENG,MF,Leicester City,21,1997,9.9,1,7,2,28.6,0.71,0.20,0.14,0.50,16.1,0,0,0,0.5,0.5,0.07,+0.5,+0.5,Matches
85,Andreas Christensen\1cb49278,dk DEN,DF,Chelsea,23,1996,19.5,0,7,2,28.6,0.36,0.10,0.00,0.00,11.2,0,0,0,0.7,0.7,0.11,-0.7,-0.7,Matches
86,Ciaran Clark\2b91cf8e,ie IRL,DF,Newcastle Utd,29,1989,13.2,2,6,4,66.7,0.46,0.30,0.33,0.50,8.2,0,0,0,1.3,1.3,0.22,+0.7,+0.7,Matches
87,Leon Clarke\91c975a0,eng ENG,FWMF,Sheffield Utd,34,1985,0.4,0,1,0,0.0,2.57,0.00,0.00,,9.0,0,0,0,0.3,0.3,0.33,-0.3,-0.3,Matches
88,Tom Cleverley\6cdd8245,eng ENG,MF,Watford,29,1989,10.8,1,17,5,29.4,1.58,0.46,0.06,0.20,16.9,0,0,0,1.6,1.6,0.09,-0.6,-0.6,Matches
89,Conor Coady\2928dca2,eng ENG,DF,Wolves,26,1993,38.0,0,0,0,,0.00,0.00,,,,0,0,0,0.0,0.0,,0.0,0.0,Matches
90,Séamus Coleman\0420d84f,ie IRL,DF,Everton,30,1988,20.4,0,8,3,37.5,0.39,0.15,0.00,0.00,16.3,0,0,0,0.7,0.7,0.09,-0.7,-0.7,Matches
91,Aaron Connolly\27c01749,ie IRL,FW,Brighton,19,2000,14.0,3,38,13,34.2,2.72,0.93,0.08,0.23,15.9,0,0,0,3.2,3.2,0.08,-0.2,-0.2,Matches
92,Lewis Cook\2afc7272,eng ENG,MF,Bournemouth,22,1997,15.0,0,9,2,22.2,0.60,0.13,0.00,0.00,23.0,0,0,0,0.3,0.3,0.03,-0.3,-0.3,Matches
93,Steve Cook\3e5e4e63,eng ENG,DF,Bournemouth,28,1991,27.0,1,13,2,15.4,0.48,0.07,0.08,0.50,12.1,0,0,0,0.7,0.7,0.06,+0.3,+0.3,Matches
94,Jack Cork\74e12f1e,eng ENG,MF,Burnley,30,1989,29.0,0,18,5,27.8,0.62,0.17,0.00,0.00,13.7,0,0,0,1.7,1.7,0.10,-1.7,-1.7,Matches
95,Aaron Cresswell\4f974391,eng ENG,DF,West Ham,29,1989,30.3,3,18,5,27.8,0.59,0.17,0.17,0.60,20.1,7,0,0,1.3,1.3,0.07,+1.7,+1.7,Matches
96,Patrick Cutrone\a4fe8cda,it ITA,FW,Wolves,21,1998,3.3,2,11,3,27.3,3.33,0.91,0.18,0.67,12.5,0,0,0,2.4,2.4,0.21,-0.4,-0.4,Matches
97,Diogo Dalot\d9565625,pt POR,DFMF,Manchester Utd,20,1999,0.7,0,1,0,0.0,1.34,0.00,0.00,,7.0,0,0,0,0.2,0.2,0.18,-0.2,-0.2,Matches
98,Charlie Daniels\9d107085,eng ENG,DF,Bournemouth,32,1986,1.4,0,0,0,,0.00,0.00,,,,0,0,0,0.0,0.0,,0.0,0.0,Matches
99,Scott Dann\52105203,eng ENG,DF,Crystal Palace,32,1987,14.1,0,8,2,25.0,0.57,0.14,0.00,0.00,8.7,0,0,0,0.4,0.4,0.05,-0.4,-0.4,Matches
100,Kevin Danso\6e33125f,at AUT,DF,Southampton,20,1998,3.1,0,1,0,0.0,0.32,0.00,0.00,,9.0,0,0,0,0.1,0.1,0.11,-0.1,-0.1,Matches
101,Ben Davies\44781702,wls WAL,DF,Tottenham,26,1993,15.9,0,7,1,14.3,0.44,0.06,0.00,0.00,23.1,0,0,0,0.2,0.2,0.03,-0.2,-0.2,Matches
102,Tom Davies\9228b07c,eng ENG,MF,Everton,21,1998,22.5,1,17,5,29.4,0.75,0.22,0.06,0.20,15.9,0,0,0,2.0,2.0,0.12,-1.0,-1.0,Matches
103,Keinan Davis\9deaf2c8,eng ENG,FW,Aston Villa,21,1998,6.1,0,16,5,31.3,2.63,0.82,0.00,0.00,9.4,0,0,0,1.9,1.9,0.12,-1.9,-1.9,Matches
104,Craig Dawson\3e9e06cb,eng ENG,DF,Watford,29,1990,26.2,2,23,7,30.4,0.88,0.27,0.09,0.29,9.2,0,0,0,2.3,2.3,0.10,-0.3,-0.3,Matches
105,Kevin De Bruyne\e46012d4,be BEL,MF,Manchester City,28,1991,31.0,13,96,27,28.1,3.10,0.87,0.11,0.41,21.1,11,2,2,7.6,6.1,0.06,+5.4,+4.9,Matches
106,Troy Deeney\82e34b69,eng ENG,FW,Watford,31,1988,24.7,10,38,16,42.1,1.54,0.65,0.13,0.31,15.2,0,5,6,9.8,5.2,0.14,+0.2,-0.2,Matches
107,Fabian Delph\111c3236,eng ENG,MF,Everton,29,1989,13.2,0,3,0,0.0,0.23,0.00,0.00,,29.4,0,0,0,0.1,0.1,0.02,-0.1,-0.1,Matches
108,Leander Dendoncker\5a7301ae,be BEL,MFDF,Wolves,24,1995,31.1,4,20,5,25.0,0.64,0.16,0.20,0.80,13.4,0,0,0,1.6,1.6,0.08,+2.4,+2.4,Matches
109,Gerard Deulofeu\39583cfd,es ESP,FW,Watford,25,1994,23.3,4,63,22,34.9,2.70,0.94,0.05,0.14,18.5,8,1,1,5.2,4.5,0.07,-1.2,-1.5,Matches
110,Eric Dier\ac861941,eng ENG,DFMF,Tottenham,25,1994,14.9,0,8,1,12.5,0.54,0.07,0.00,0.00,14.0,1,0,0,1.0,1.0,0.12,-1.0,-1.0,Matches
111,Lucas Digne\1b84dbe1,fr FRA,DF,Everton,26,1993,33.7,0,29,5,17.2,0.86,0.15,0.00,0.00,24.3,13,0,0,1.4,1.4,0.05,-1.4,-1.4,Matches
112,Virgil van Dijk\e06683ca,nl NED,DF,Liverpool,28,1991,38.0,5,30,14,46.7,0.79,0.37,0.17,0.36,11.3,0,0,0,2.9,2.9,0.10,+2.1,+2.1,Matches
113,Issa Diop\a712ca2b,fr FRA,DF,West Ham,22,1997,30.7,3,15,6,40.0,0.49,0.20,0.20,0.50,7.7,0,0,0,1.6,1.6,0.11,+1.4,+1.4,Matches
114,Moussa Djenepo\254147d4,ml MLI,MFDF,Southampton,21,1998,10.3,2,20,7,35.0,1.94,0.68,0.10,0.29,17.4,0,0,0,2.7,2.7,0.14,-0.7,-0.7,Matches
115,Matt Doherty\d557d734,ie IRL,DF,Wolves,27,1992,31.5,4,34,15,44.1,1.08,0.48,0.12,0.27,10.9,0,0,0,5.2,5.2,0.15,-1.2,-1.2,Matches
116,Abdoulaye Doucouré\02b29014,fr FRA,MF,Watford,26,1993,35.1,4,62,12,19.4,1.77,0.34,0.06,0.33,16.7,0,0,0,5.3,5.3,0.09,-1.3,-1.3,Matches
117,Thomas Doyle\5526deb1,eng ENG,MF,Manchester City,17,2001,0.2,0,1,1,100.0,5.63,5.63,0.00,0.00,19.0,0,0,0,0.1,0.1,0.08,-0.1,-0.1,Matches
118,Danny Drinkwater\2649ff32,eng ENG,MF,Aston Villa,29,1990,2.9,0,2,0,0.0,0.69,0.00,0.00,,19.5,0,0,0,0.1,0.1,0.05,-0.1,-0.1,Matches
119,Danny Drinkwater\2649ff32,eng ENG,MF,Burnley,29,1990,0.6,0,0,0,,0.00,0.00,,,,0,0,0,0.0,0.0,,0.0,0.0,Matches
120,Josip Drmić\15ea94de,ch SUI,FWMF,Norwich City,26,1992,7.2,1,13,5,38.5,1.81,0.70,0.08,0.20,13.2,0,0,0,2.6,2.6,0.23,-1.6,-1.6,Matches
121,Martin Dúbravka\3a949a25,sk SVK,GK,Newcastle Utd,30,1989,38.0,0,0,0,,0.00,0.00,,,,0,0,0,0.0,0.0,,0.0,0.0,Matches
122,Ondrej Duda\79ca3e23,sk SVK,MF,Norwich City,24,1994,8.0,0,10,3,30.0,1.24,0.37,0.00,0.00,20.4,2,0,0,0.7,0.7,0.07,-0.7,-0.7,Matches
123,Shane Duffy\7314bba4,ie IRL,DF,Brighton,27,1992,13.8,1,6,1,16.7,0.44,0.07,0.17,1.00,11.4,0,0,0,1.5,1.5,0.25,-0.5,-0.5,Matches
124,Paul Dummett\3fe6bd8c,wls WAL,DF,Newcastle Utd,27,1991,13.6,0,1,1,100.0,0.07,0.07,0.00,0.00,7.8,0,0,0,0.0,0.0,0.04,0.0,0.0,Matches
125,Lewis Dunk\282f75f3,eng ENG,DF,Brighton,27,1991,35.9,3,30,10,33.3,0.84,0.28,0.10,0.30,11.0,5,0,0,4.0,4.0,0.13,-1.0,-1.0,Matches
126,Ederson\3bb7b8b4,br BRA,GK,Manchester City,25,1993,34.1,0,0,0,,0.00,0.00,,,,0,0,0,0.0,0.0,,0.0,0.0,Matches
127,John Egan\debe38a0,ie IRL,DF,Sheffield Utd,26,1992,35.4,2,28,5,17.9,0.79,0.14,0.07,0.40,8.8,0,0,0,2.3,2.3,0.08,-0.3,-0.3,Matches
128,Harvey Elliott\c8387671,eng ENG,DF,Liverpool,16,2003,0.1,0,0,0,,0.00,0.00,,,,0,0,0,0.0,0.0,,0.0,0.0,Matches
129,Ahmed Elmohamady\615ef733,eg EGY,DF,Aston Villa,31,1987,11.5,1,5,1,20.0,0.44,0.09,0.20,1.00,11.1,0,0,0,0.2,0.2,0.04,+0.8,+0.8,Matches
130,Björn Engels\4fdf1fd9,be BEL,DF,Aston Villa,24,1994,16.1,1,7,1,14.3,0.44,0.06,0.14,1.00,6.2,0,0,0,0.8,0.8,0.11,+0.2,+0.2,Matches
131,Christian Eriksen\980522ec,dk DEN,MFFW,Tottenham,27,1992,12.2,2,26,9,34.6,2.13,0.74,0.08,0.22,24.2,7,0,0,1.9,1.9,0.07,+0.1,+0.1,Matches
132,Jonny Evans\f8fcd2a5,nir NIR,DF,Leicester City,31,1988,37.6,1,24,10,41.7,0.64,0.27,0.04,0.10,7.7,0,0,0,2.6,2.6,0.11,-1.6,-1.6,Matches
133,Łukasz Fabiański\9328b835,pl POL,GK,West Ham,34,1985,23.5,0,0,0,,0.00,0.00,,,,0,0,0,0.0,0.0,,0.0,0.0,Matches
134,Fabinho\7f3b388c,br BRA,MF,Liverpool,25,1993,23.1,2,12,4,33.3,0.52,0.17,0.17,0.50,26.7,2,0,0,0.4,0.4,0.03,+1.6,+1.6,Matches
135,Ralf Fährmann\1e43fad8,de GER,GK,Norwich City,30,1988,0.2,0,0,0,,0.00,0.00,,,,0,0,0,0.0,0.0,,0.0,0.0,Matches
136,Akin Famewo\9d9a71c1,eng ENG,MF,Norwich City,20,1998,0.0,0,0,0,,0.00,0.00,,,,0,0,0,0.0,0.0,,0.0,0.0,Matches
137,Kiko Femenía\e5d01ecf,es ESP,DF,Watford,28,1991,24.9,0,5,1,20.0,0.20,0.04,0.00,0.00,26.7,0,0,0,0.1,0.1,0.02,-0.1,-0.1,Matches
138,Bruno Fernandes\507c7bdf,pt POR,MF,Manchester Utd,24,1994,13.2,8,40,14,35.0,3.04,1.06,0.10,0.29,24.2,7,4,4,5.8,2.8,0.07,+2.2,+1.2,Matches
139,Gedson Fernandes\e2dde94c,pt POR,MFDF,Tottenham,20,1999,0.8,0,2,0,0.0,2.65,0.00,0.00,,20.4,0,0,0,0.0,0.0,0.02,0.0,0.0,Matches
140,Federico Fernández\f25b010f,ar ARG,DF,Newcastle Utd,30,1989,29.1,2,16,6,37.5,0.55,0.21,0.13,0.33,10.7,0,0,0,1.7,1.7,0.11,+0.3,+0.3,Matches
141,Fernandinho\101da2b5,br BRA,DF,Manchester City,34,1985,26.6,0,17,2,11.8,0.64,0.08,0.00,0.00,13.2,0,0,0,1.1,1.1,0.06,-1.1,-1.1,Matches
142,Roberto Firmino\4c370d81,br BRA,FW,Liverpool,27,1991,33.2,9,100,37,37.0,3.01,1.11,0.09,0.24,13.3,0,0,0,13.5,13.5,0.13,-4.5,-4.5,Matches
143,John Fleck\b63e789d,sct SCO,MF,Sheffield Utd,27,1991,28.0,5,32,12,37.5,1.14,0.43,0.16,0.42,19.3,0,0,0,3.6,3.6,0.11,+1.4,+1.4,Matches
144,Phil Foden\ed1e53f3,eng ENG,FWMF,Manchester City,19,2000,10.0,5,34,14,41.2,3.40,1.40,0.15,0.36,16.0,0,0,0,4.3,4.3,0.13,+0.7,+0.7,Matches
145,Pablo Fornals\82927de4,es ESP,MFFW,West Ham,23,1996,24.1,2,37,12,32.4,1.53,0.50,0.05,0.17,16.8,0,0,0,2.9,2.9,0.08,-0.9,-0.9,Matches
146,Ben Foster\d0b3ceb9,eng ENG,GK,Watford,36,1983,38.0,0,1,1,100.0,0.03,0.03,0.00,0.00,9.0,0,0,0,0.1,0.1,0.09,-0.1,-0.1,Matches
147,Timothy Fosu-Mensah\a9142dc3,nl NED,DF,Manchester Utd,21,1998,1.5,0,1,0,0.0,0.66,0.00,0.00,,10.0,0,0,0,0.1,0.1,0.06,-0.1,-0.1,Matches
148,Dimitri Foulquier\45e17712,fr FRA,DFMF,Watford,26,1993,0.7,0,0,0,,0.00,0.00,,,,0,0,0,0.0,0.0,,0.0,0.0,Matches
149,Juan Foyth\6c7762c3,ar ARG,DF,Tottenham,21,1998,0.8,0,0,0,,0.00,0.00,,,,0,0,0,0.0,0.0,,0.0,0.0,Matches
150,Simon Francis\1e0b6a73,eng ENG,DF,Bournemouth,34,1985,10.8,0,3,0,0.0,0.28,0.00,0.00,,12.4,0,0,0,0.2,0.2,0.07,-0.2,-0.2,Matches
151,Ryan Fraser\d56543a0,sct SCO,MFFW,Bournemouth,25,1994,23.0,1,27,12,44.4,1.18,0.52,0.04,0.08,17.3,2,0,0,3.3,3.3,0.12,-2.3,-2.3,Matches
152,Fred\b853e0ad,br BRA,MF,Manchester Utd,26,1993,24.0,0,40,10,25.0,1.66,0.42,0.00,0.00,22.9,3,0,0,2.0,2.0,0.05,-2.0,-2.0,Matches
153,Ryan Fredericks\c067631c,eng ENG,DF,West Ham,26,1992,24.9,0,3,0,0.0,0.12,0.00,0.00,,21.7,0,0,0,0.1,0.1,0.05,-0.1,-0.1,Matches
154,Kieron Freeman\c13c24c8,wls WAL,FW,Sheffield Utd,27,1992,0.1,0,0,0,,0.00,0.00,,,,0,0,0,0.0,0.0,,0.0,0.0,Matches
155,Luke Freeman\636b64cd,eng ENG,MF,Sheffield Utd,27,1992,4.1,0,3,0,0.0,0.74,0.00,0.00,,29.4,0,0,0,0.1,0.1,0.02,-0.1,-0.1,Matches
156,Christian Fuchs\a67a09fb,at AUT,DF,Leicester City,33,1986,8.6,0,5,1,20.0,0.58,0.12,0.00,0.00,26.1,2,0,0,0.2,0.2,0.03,-0.2,-0.2,Matches
157,Eric García\2bed3eab,es ESP,DF,Manchester City,18,2001,8.8,0,2,1,50.0,0.23,0.11,0.00,0.00,6.5,0,0,0,0.5,0.5,0.26,-0.5,-0.5,Matches
158,James Garner\4e015693,eng ENG,MF,Manchester Utd,18,2001,0.1,0,0,0,,0.00,0.00,,,,0,0,0,0.0,0.0,,0.0,0.0,Matches
159,Dwight Gayle\e58a03c6,eng ENG,FW,Newcastle Utd,28,1990,9.4,4,23,10,43.5,2.44,1.06,0.17,0.40,11.7,1,0,0,4.4,4.4,0.19,-0.4,-0.4,Matches
160,Paulo Gazzaniga\63d17038,ar ARG,GK,Tottenham,27,1992,17.9,0,0,0,,0.00,0.00,,,,0,0,0,0.0,0.0,,0.0,0.0,Matches
161,Jean-Philippe Gbamin\6bd603db,ci CIV,MF,Everton,23,1995,1.5,0,0,0,,0.00,0.00,,,,0,0,0,0.0,0.0,,0.0,0.0,Matches
162,David de Gea\7ba6d84e,es ESP,GK,Manchester Utd,28,1990,38.0,0,0,0,,0.00,0.00,,,,0,0,0,0.0,0.0,,0.0,0.0,Matches
163,Anwar El Ghazi\ffa90327,nl NED,FWMF,Aston Villa,24,1995,22.8,4,50,19,38.0,2.19,0.83,0.06,0.16,18.2,5,1,1,6.0,5.2,0.10,-2.0,-2.2,Matches
164,Morgan Gibbs-White\32f60ed8,eng ENG,MFFW,Wolves,19,2000,1.4,0,2,0,0.0,1.40,0.00,0.00,,16.0,0,0,0,0.1,0.1,0.03,-0.1,-0.1,Matches
165,Billy Gilmour\df10e27c,sct SCO,MF,Chelsea,18,2001,2.2,0,1,0,0.0,0.46,0.00,0.00,,24.0,0,0,0,0.0,0.0,0.03,0.0,0.0,Matches
166,Olivier Giroud\16ceb862,fr FRA,FW,Chelsea,32,1986,11.0,8,39,19,48.7,3.53,1.72,0.21,0.42,10.9,1,0,0,6.7,6.7,0.17,+1.3,+1.3,Matches
167,Ben Godfrey\9f7c837d,eng ENG,DF,Norwich City,21,1998,29.4,0,15,5,33.3,0.51,0.17,0.00,0.00,17.0,0,0,0,0.8,0.8,0.05,-0.8,-0.8,Matches
168,André Gomes\1961b2aa,pt POR,MF,Everton,26,1993,16.2,0,5,0,0.0,0.31,0.00,0.00,,22.7,0,0,0,0.2,0.2,0.05,-0.2,-0.2,Matches
169,Angel Gomes\645a3363,eng ENG,MF,Manchester Utd,18,2000,0.2,0,0,0,,0.00,0.00,,,,0,0,0,0.0,0.0,,0.0,0.0,Matches
170,Joe Gomez\7a11550b,eng ENG,DF,Liverpool,22,1997,22.3,0,1,0,0.0,0.04,0.00,0.00,,30.0,0,0,0,0.0,0.0,0.02,0.0,0.0,Matches
171,Anthony Gordon\2bd83368,eng ENG,MFFW,Everton,18,2001,4.9,0,6,1,16.7,1.23,0.20,0.00,0.00,19.1,0,0,0,0.2,0.2,0.04,-0.2,-0.2,Matches
172,Dan Gosling\7fec31a0,eng ENG,MF,Bournemouth,29,1990,14.0,3,12,6,50.0,0.85,0.43,0.25,0.50,10.9,0,0,0,2.1,2.1,0.18,+0.9,+0.9,Matches
173,Andre Gray\c24dba2a,jm JAM,FW,Watford,28,1991,8.4,2,19,6,31.6,2.26,0.72,0.11,0.33,11.8,0,0,0,2.8,2.8,0.15,-0.8,-0.8,Matches
174,Demarai Gray\4468ec10,eng ENG,MFFW,Leicester City,23,1996,6.9,2,21,6,28.6,3.04,0.87,0.10,0.33,19.8,3,0,1,2.5,1.7,0.08,-0.5,+0.3,Matches
175,Jack Grealish\b0b4fd3e,eng ENG,FWMF,Aston Villa,23,1995,35.9,8,72,22,30.6,2.00,0.61,0.11,0.36,18.0,1,0,1,6.5,5.7,0.08,+1.5,+2.3,Matches
176,Mason Greenwood\58eee997,eng ENG,FW,Manchester Utd,17,2001,14.7,10,38,20,52.6,2.59,1.36,0.26,0.50,16.4,0,0,0,3.6,3.6,0.10,+6.4,+6.4,Matches
177,Arnaut Groeneveld\f08490a6,nl NED,MF,Bournemouth,22,1997,7.0,0,13,4,30.8,1.86,0.57,0.00,0.00,18.7,1,0,0,1.0,1.0,0.08,-1.0,-1.0,Matches
178,Pascal Groß\8aec0537,de GER,FWMF,Brighton,28,1991,20.0,2,29,9,31.0,1.45,0.45,0.07,0.22,22.1,4,0,0,1.9,1.9,0.07,+0.1,+0.1,Matches
179,Vicente Guaita\ab13a5aa,es ESP,GK,Crystal Palace,32,1987,35.0,0,0,0,,0.00,0.00,,,,0,0,0,0.0,0.0,,0.0,0.0,Matches
180,Mattéo Guendouzi\5ea8ef20,fr FRA,MF,Arsenal,20,1999,19.4,0,11,5,45.5,0.57,0.26,0.00,0.00,21.7,0,0,0,0.6,0.6,0.06,-0.6,-0.6,Matches
181,Frederic Guilbert\5d8d7454,fr FRA,DF,Aston Villa,24,1994,22.7,0,8,3,37.5,0.35,0.13,0.00,0.00,22.1,0,0,0,0.4,0.4,0.05,-0.4,-0.4,Matches
182,İlkay Gündoğan\819b3158,de GER,MF,Manchester City,28,1990,22.4,2,31,6,19.4,1.38,0.27,0.03,0.17,20.7,2,1,2,4.4,2.9,0.09,-2.4,-1.9,Matches
183,Angus Gunn\e082af5b,eng ENG,GK,Southampton,23,1996,10.0,0,0,0,,0.00,0.00,,,,0,0,0,0.0,0.0,,0.0,0.0,Matches
184,Sébastien Haller\ba115a40,ci CIV,FW,West Ham,25,1994,25.2,7,55,27,49.1,2.18,1.07,0.13,0.26,10.4,0,0,0,7.7,7.7,0.15,-0.7,-0.7,Matches
185,Grant Hanley\e9254eec,sct SCO,DF,Norwich City,27,1991,14.0,0,7,2,28.6,0.50,0.14,0.00,0.00,9.3,0,0,0,0.5,0.5,0.07,-0.5,-0.5,Matches
186,Kortney Hause\bf8fad51,eng ENG,DF,Aston Villa,24,1995,17.2,1,20,3,15.0,1.17,0.17,0.05,0.33,7.5,0,0,0,2.1,2.1,0.11,-1.1,-1.1,Matches
187,Isaac Hayden\c951a6df,eng ENG,MF,Newcastle Utd,24,1995,24.7,1,17,3,17.6,0.69,0.12,0.06,0.33,19.7,0,0,0,1.2,1.2,0.07,-0.2,-0.2,Matches
188,Tom Heaton\a6de6361,eng ENG,GK,Aston Villa,33,1986,19.9,0,0,0,,0.00,0.00,,,,0,0,0,0.0,0.0,,0.0,0.0,Matches
189,Dean Henderson\e5a76dfe,eng ENG,GK,Sheffield Utd,22,1997,36.0,0,1,0,0.0,0.03,0.00,0.00,,7.3,0,0,0,0.1,0.1,0.07,-0.1,-0.1,Matches
190,Jordan Henderson\935e6b8f,eng ENG,MF,Liverpool,29,1990,24.9,4,20,8,40.0,0.80,0.32,0.20,0.50,18.5,0,0,0,1.4,1.4,0.07,+2.6,+2.6,Matches
191,Jeff Hendrick\989d5705,ie IRL,MF,Burnley,27,1992,21.5,2,22,6,27.3,1.03,0.28,0.09,0.33,18.0,1,0,0,1.5,1.5,0.07,+0.5,+0.5,Matches
192,Wayne Hennessey\76eca7e2,wls WAL,GK,Crystal Palace,32,1987,3.0,0,0,0,,0.00,0.00,,,,0,0,0,0.0,0.0,,0.0,0.0,Matches
193,Javier Hernández\189cee7b,mx MEX,FW,West Ham,31,1988,1.2,1,3,2,66.7,2.52,1.68,0.33,0.50,16.4,1,0,0,0.8,0.8,0.27,+0.2,+0.2,Matches
194,Onel Hernández\007b39a5,cu CUB,FWMF,Norwich City,26,1993,15.4,1,30,9,30.0,1.95,0.59,0.03,0.11,17.5,0,0,0,2.5,2.5,0.08,-1.5,-1.5,Matches
195,Son Heung-min\92e7e919,kr KOR,FWMF,Tottenham,27,1992,27.5,11,81,39,48.1,2.94,1.42,0.14,0.28,16.6,1,0,1,8.9,8.0,0.10,+2.1,+3.0,Matches
196,George Hirst\78e87179,eng ENG,FW,Leicester City,20,1999,0.1,0,3,1,33.3,24.55,8.18,0.00,0.00,13.9,0,0,0,0.1,0.1,0.04,-0.1,-0.1,Matches
197,Rob Holding\d79a8c87,eng ENG,DF,Arsenal,23,1995,6.5,0,1,0,0.0,0.15,0.00,0.00,,5.8,0,0,0,0.1,0.1,0.06,-0.1,-0.1,Matches
198,José Holebas\12aa7661,gr GRE,DF,Watford,35,1984,11.4,0,6,3,50.0,0.53,0.26,0.00,0.00,18.8,1,0,0,0.5,0.5,0.08,-0.5,-0.5,Matches
199,Mason Holgate\d0042ab9,eng ENG,DF,Everton,22,1996,22.8,0,12,5,41.7,0.53,0.22,0.00,0.00,12.8,0,0,0,2.2,2.2,0.18,-2.2,-2.2,Matches
200,Nathan Holland\45ab2170,eng ENG,MF,West Ham,21,1998,0.4,0,1,1,100.0,2.73,2.73,0.00,0.00,24.0,0,0,0,0.0,0.0,0.05,0.0,0.0,Matches
201,Conor Hourihane\fcab00a0,ie IRL,MF,Aston Villa,28,1991,17.0,3,29,10,34.5,1.70,0.59,0.10,0.30,20.5,4,0,0,1.6,1.6,0.06,+1.4,+1.4,Matches
202,Callum Hudson-Odoi\15f3ec41,eng ENG,FW,Chelsea,18,2000,9.6,1,22,4,18.2,2.29,0.42,0.05,0.25,17.4,0,0,0,1.7,1.7,0.08,-0.7,-0.7,Matches
203,Will Hughes\a0666d3e,eng ENG,MFFW,Watford,24,1995,25.0,1,27,3,11.1,1.08,0.12,0.04,0.33,18.1,0,0,0,2.5,2.5,0.09,-1.5,-1.5,Matches
204,Pierre Højbjerg\8b04d6c1,dk DEN,MF,Southampton,23,1995,30.6,0,47,10,21.3,1.54,0.33,0.00,0.00,21.9,0,0,0,2.7,2.7,0.06,-2.7,-2.7,Matches
205,Jordon Ibe\9f736ed2,eng ENG,DF,Bournemouth,23,1995,0.6,0,0,0,,0.00,0.00,,,,0,0,0,0.0,0.0,,0.0,0.0,Matches
206,Adam Idah\291e3ec3,ie IRL,FWMF,Norwich City,18,2001,2.5,0,6,2,33.3,2.37,0.79,0.00,0.00,16.6,0,0,0,1.0,1.0,0.17,-1.0,-1.0,Matches
207,Odion Ighalo\03622183,ng NGA,FW,Manchester Utd,30,1989,1.1,0,7,3,42.9,6.24,2.67,0.00,0.00,11.2,0,0,0,1.5,1.5,0.22,-1.5,-1.5,Matches
208,Kelechi Iheanacho\c92e1a31,ng NGA,FWMF,Leicester City,22,1996,10.7,5,34,18,52.9,3.19,1.69,0.15,0.28,15.1,0,0,0,4.8,4.8,0.14,+0.2,+0.2,Matches
209,Danny Ings\07802f7f,eng ENG,FW,Southampton,27,1992,31.2,22,90,35,38.9,2.89,1.12,0.23,0.60,13.5,0,1,2,16.7,15.2,0.17,+5.3,+5.8,Matches
210,Alex Iwobi\6ca5ec4b,ng NGA,MFFW,Everton,23,1996,17.7,1,23,9,39.1,1.30,0.51,0.04,0.11,17.0,0,0,0,2.4,2.4,0.10,-1.4,-1.4,Matches
211,Phil Jagielka\3233eefd,eng ENG,DF,Sheffield Utd,36,1982,2.7,0,0,0,,0.00,0.00,,,,0,0,0,0.0,0.0,,0.0,0.0,Matches
212,Alireza Jahanbakhsh\08452314,ir IRN,FWMF,Brighton,25,1993,3.5,2,11,2,18.2,3.18,0.58,0.18,1.00,19.4,0,0,0,0.5,0.5,0.05,+1.5,+1.5,Matches
213,Daniel James\c931d9f9,wls WAL,FW,Manchester Utd,21,1997,25.4,3,42,19,45.2,1.65,0.75,0.07,0.16,16.8,0,0,0,3.6,3.6,0.09,-0.6,-0.6,Matches
214,Matty James\ebd0a048,eng ENG,MF,Leicester City,28,1991,0.1,0,0,0,,0.00,0.00,,,,0,0,0,0.0,0.0,,0.0,0.0,Matches
215,Reece James\1265a93a,eng ENG,DF,Chelsea,19,1999,16.8,0,18,3,16.7,1.07,0.18,0.00,0.00,20.2,0,0,0,0.7,0.7,0.04,-0.7,-0.7,Matches
216,Daryl Janmaat\45da6694,nl NED,DF,Watford,30,1989,6.7,0,4,0,0.0,0.59,0.00,0.00,,17.7,0,0,0,0.3,0.3,0.08,-0.3,-0.3,Matches
217,Gabriel Jesus\b66315ae,br BRA,FW,Manchester City,22,1997,22.6,14,102,43,42.2,4.52,1.91,0.14,0.33,10.8,0,0,1,18.5,17.7,0.18,-4.5,-3.7,Matches
218,Raúl Jiménez\b561db50,mx MEX,FW,Wolves,28,1991,36.0,17,114,39,34.2,3.17,1.08,0.11,0.33,15.1,0,4,4,14.7,11.7,0.10,+2.3,+1.3,Matches
219,Joelinton\c17bfb65,br BRA,FW,Newcastle Utd,22,1996,29.8,2,52,15,28.8,1.74,0.50,0.04,0.13,13.8,0,0,0,4.8,4.8,0.09,-2.8,-2.8,Matches
220,Ben Johnson\9319781b,eng ENG,DF,West Ham,19,2000,3.0,0,1,0,0.0,0.33,0.00,0.00,,28.3,0,0,0,0.0,0.0,0.01,0.0,0.0,Matches
221,Curtis Jones\4fb9c88f,eng ENG,MF,Liverpool,18,2001,1.4,1,6,2,33.3,4.29,1.43,0.17,0.50,16.7,0,0,0,0.9,0.9,0.15,+0.1,+0.1,Matches
222,Phil Jones\def899bd,eng ENG,DF,Manchester Utd,27,1992,1.5,0,2,1,50.0,1.33,0.67,0.00,0.00,10.0,0,0,0,0.2,0.2,0.09,-0.2,-0.2,Matches
223,Bruno Jordão\41ff002d,pt POR,FW,Wolves,20,1998,0.1,0,0,0,,0.00,0.00,,,,0,0,0,0.0,0.0,,0.0,0.0,Matches
224,Jorginho\45db685d,it ITA,MF,Chelsea,27,1991,26.4,4,10,1,10.0,0.38,0.04,0.10,1.00,24.1,0,3,3,3.4,1.1,0.11,+0.6,-0.1,Matches
225,Jota\9f351459,es ESP,FWMF,Aston Villa,28,1991,3.7,0,6,1,16.7,1.61,0.27,0.00,0.00,19.5,0,0,0,0.2,0.2,0.04,-0.2,-0.2,Matches
226,Diogo Jota\178ae8f8,pt POR,FWMF,Wolves,22,1996,25.4,7,69,26,37.7,2.72,1.02,0.10,0.27,13.7,0,0,0,9.6,9.6,0.14,-2.6,-2.6,Matches
227,James Justin\fb614c44,eng ENG,DF,Leicester City,21,1998,11.2,0,7,0,0.0,0.62,0.00,0.00,,19.8,0,0,0,0.4,0.4,0.06,-0.4,-0.4,Matches
228,Christian Kabasele\914ab9a1,be BEL,DF,Watford,28,1991,25.0,0,8,1,12.5,0.32,0.04,0.00,0.00,9.4,0,0,0,1.1,1.1,0.13,-1.1,-1.1,Matches
229,Harry Kane\21a66f6a,eng ENG,FW,Tottenham,26,1993,28.7,18,78,34,43.6,2.71,1.18,0.21,0.47,19.1,7,2,2,10.5,9.0,0.12,+7.5,+7.0,Matches
230,N'Golo Kanté\b9fbae28,fr FRA,MF,Chelsea,28,1991,19.2,3,18,6,33.3,0.94,0.31,0.17,0.50,19.8,0,0,0,1.6,1.6,0.09,+1.4,+1.4,Matches
231,Moise Kean\3d50bcdb,it ITA,FW,Everton,19,2000,9.5,2,30,13,43.3,3.17,1.37,0.07,0.15,15.6,0,0,0,4.1,4.1,0.14,-2.1,-2.1,Matches
232,Michael Keane\c5b7c315,eng ENG,DF,Everton,26,1993,28.4,2,13,4,30.8,0.46,0.14,0.15,0.50,6.9,0,0,0,1.7,1.7,0.13,+0.3,+0.3,Matches
233,Naby Keïta\f25c8e3a,gn GUI,MF,Liverpool,24,1995,9.1,2,12,7,58.3,1.33,0.77,0.17,0.29,18.4,0,0,0,1.5,1.5,0.13,+0.5,+0.5,Matches
234,Lloyd Kelly\f31def1e,eng ENG,DF,Bournemouth,20,1998,7.1,0,1,0,0.0,0.14,0.00,0.00,,20.0,0,0,0,0.0,0.0,0.03,0.0,0.0,Matches
235,Martin Kelly\d7492450,eng ENG,DF,Crystal Palace,29,1990,17.2,0,3,0,0.0,0.17,0.00,0.00,,19.8,0,0,0,0.1,0.1,0.03,-0.1,-0.1,Matches
236,Max Kilman\d0f72bf1,eng ENG,DF,Wolves,22,1997,2.1,0,0,0,,0.00,0.00,,,,0,0,0,0.0,0.0,,0.0,0.0,Matches
237,Joshua King\43458538,no NOR,FWMF,Bournemouth,27,1992,22.3,6,23,9,39.1,1.03,0.40,0.13,0.33,13.3,0,3,3,6.6,4.3,0.19,-0.6,-1.3,Matches
238,Timm Klose\5f1d07f6,ch SUI,DF,Norwich City,31,1988,6.5,0,3,0,0.0,0.46,0.00,0.00,,10.0,0,0,0,0.4,0.4,0.13,-0.4,-0.4,Matches
239,Jonathan Kodjia\ecf44e09,ci CIV,FWMF,Aston Villa,29,1989,1.3,0,2,0,0.0,1.54,0.00,0.00,,19.6,0,0,0,0.1,0.1,0.03,-0.1,-0.1,Matches
240,Sead Kolašinac\3935e52e,ba BIH,DF,Arsenal,26,1993,18.9,0,4,0,0.0,0.21,0.00,0.00,,12.5,0,0,0,0.7,0.7,0.17,-0.7,-0.7,Matches
241,Ezri Konsa\0313a347,eng ENG,DF,Aston Villa,21,1997,22.7,1,11,4,36.4,0.49,0.18,0.09,0.25,11.7,0,0,0,1.6,1.6,0.14,-0.6,-0.6,Matches
242,Cheikhou Kouyaté\8d3c902d,sn SEN,MFDF,Crystal Palace,29,1989,28.1,1,23,5,21.7,0.82,0.18,0.04,0.20,11.2,0,0,0,1.8,1.8,0.08,-0.8,-0.8,Matches
243,Mateo Kovačić\79c0821a,hr CRO,MF,Chelsea,25,1994,23.0,1,21,5,23.8,0.91,0.22,0.05,0.20,19.3,0,0,0,1.4,1.4,0.07,-0.4,-0.4,Matches
244,Emil Krafth\77cf6852,se SWE,DF,Newcastle Utd,24,1994,11.3,0,4,0,0.0,0.35,0.00,0.00,,13.2,0,0,0,0.3,0.3,0.07,-0.3,-0.3,Matches
245,Tim Krul\f23f9d20,nl NED,GK,Norwich City,31,1988,36.0,0,0,0,,0.00,0.00,,,,0,0,0,0.0,0.0,,0.0,0.0,Matches
246,Alexandre Lacazette\9dbb75ca,fr FRA,FW,Arsenal,28,1991,20.8,10,53,26,49.1,2.55,1.25,0.19,0.38,11.9,3,0,0,8.5,8.5,0.16,+1.5,+1.5,Matches
247,Adam Lallana\99813635,eng ENG,MFFW,Liverpool,31,1988,4.2,1,5,1,20.0,1.18,0.24,0.20,1.00,15.3,0,0,0,1.1,1.1,0.21,-0.1,-0.1,Matches
248,Érik Lamela\abe66106,ar ARG,MFFW,Tottenham,27,1992,13.5,2,29,8,27.6,2.15,0.59,0.07,0.25,18.5,4,0,0,2.7,2.7,0.10,-0.7,-0.7,Matches
249,Tariq Lamptey\f4e433d4,eng ENG,DF,Chelsea,18,2000,0.4,0,0,0,,0.00,0.00,,,,0,0,0,0.0,0.0,,0.0,0.0,Matches
250,Tariq Lamptey\f4e433d4,eng ENG,DF,Brighton,18,2000,6.5,0,2,0,0.0,0.31,0.00,0.00,,24.4,0,0,0,0.1,0.1,0.04,-0.1,-0.1,Matches
251,Henri Lansbury\fe8e6fa1,eng ENG,MFFW,Aston Villa,28,1990,2.2,0,2,0,0.0,0.92,0.00,0.00,,19.0,0,0,0,0.1,0.1,0.05,-0.1,-0.1,Matches
252,Manuel Lanzini\26f6dca8,ar ARG,MFFW,West Ham,26,1993,15.3,0,23,7,30.4,1.50,0.46,0.00,0.00,18.1,3,0,0,2.0,2.0,0.09,-2.0,-2.0,Matches
253,Aymeric Laporte\119b9a8e,es ESP,DF,Manchester City,25,1994,12.2,1,4,1,25.0,0.33,0.08,0.25,1.00,16.4,0,0,0,0.3,0.3,0.08,+0.7,+0.7,Matches
254,Jamaal Lascelles\450ab6fc,eng ENG,DF,Newcastle Utd,25,1993,23.1,1,9,2,22.2,0.39,0.09,0.11,0.50,13.1,0,0,0,0.3,0.3,0.03,+0.7,+0.7,Matches
255,Valentino Lazaro\016ff750,at AUT,DFMF,Newcastle Utd,23,1996,5.3,1,4,1,25.0,0.75,0.19,0.25,1.00,20.7,0,0,0,0.5,0.5,0.13,+0.5,+0.5,Matches
256,Moritz Leitner\9460aaed,de GER,MF,Norwich City,26,1992,7.6,0,8,0,0.0,1.05,0.00,0.00,,22.0,0,0,0,0.2,0.2,0.03,-0.2,-0.2,Matches
257,Florian Lejeune\6eaed4eb,fr FRA,DF,Newcastle Utd,28,1991,4.9,2,4,3,75.0,0.81,0.61,0.50,0.67,16.0,0,0,0,0.6,0.6,0.14,+1.4,+1.4,Matches
258,Aaron Lennon\2ff964a0,eng ENG,MF,Burnley,32,1987,5.5,0,1,0,0.0,0.18,0.00,0.00,,17.7,0,0,0,0.0,0.0,0.02,0.0,0.0,Matches
259,Bernd Leno\2628fd2b,de GER,GK,Arsenal,27,1992,29.4,0,0,0,,0.00,0.00,,,,0,0,0,0.0,0.0,,0.0,0.0,Matches
260,Jefferson Lerma\9b5ce51a,co COL,MF,Bournemouth,24,1994,30.0,1,30,2,6.7,1.00,0.07,0.03,0.50,23.3,0,0,0,1.2,1.2,0.04,-0.2,-0.2,Matches
261,Jamal Lewis\efb9215a,nir NIR,DF,Norwich City,21,1998,25.6,1,9,4,44.4,0.35,0.16,0.11,0.25,22.6,0,0,0,0.4,0.4,0.04,+0.6,+0.6,Matches
262,Victor Lindelöf\f5deef4c,se SWE,DF,Manchester Utd,25,1994,34.4,1,6,1,16.7,0.17,0.03,0.17,1.00,10.8,0,0,0,0.4,0.4,0.07,+0.6,+0.6,Matches
263,Jesse Lingard\810e3c74,eng ENG,MFFW,Manchester Utd,26,1992,10.4,1,22,6,27.3,2.12,0.58,0.05,0.17,17.9,0,0,0,2.7,2.7,0.12,-1.7,-1.7,Matches
264,Hugo Lloris\8f62b6ee,fr FRA,GK,Tottenham,32,1986,20.1,0,0,0,,0.00,0.00,,,,0,0,0,0.0,0.0,,0.0,0.0,Matches
265,Giovani Lo Celso\d7553721,ar ARG,MFFW,Tottenham,23,1996,16.6,0,18,3,16.7,1.09,0.18,0.00,0.00,20.6,1,0,0,1.2,1.2,0.07,-1.2,-1.2,Matches
266,Jürgen Locadia\6cc47ae1,nl NED,MFFW,Brighton,25,1993,1.0,0,2,1,50.0,2.09,1.05,0.00,0.00,9.7,0,0,0,0.3,0.3,0.17,-0.3,-0.3,Matches
267,Ruben Loftus-Cheek\e97fd090,eng ENG,MFFW,Chelsea,23,1996,2.3,0,4,0,0.0,1.73,0.00,0.00,,9.1,0,0,0,0.5,0.5,0.13,-0.5,-0.5,Matches
268,Kevin Long\5a4280b1,ie IRL,DF,Burnley,28,1990,6.3,0,2,0,0.0,0.32,0.00,0.00,,10.5,0,0,0,0.2,0.2,0.09,-0.2,-0.2,Matches
269,Shane Long\9f472354,ie IRL,FW,Southampton,32,1987,15.5,2,33,13,39.4,2.13,0.84,0.06,0.15,10.9,0,0,0,4.8,4.8,0.14,-2.8,-2.8,Matches
270,Matthew Longstaff\c0027d2d,eng ENG,MF,Newcastle Utd,19,2000,6.4,2,4,2,50.0,0.63,0.31,0.50,1.00,19.4,0,0,0,0.4,0.4,0.11,+1.6,+1.6,Matches
271,Sean Longstaff\a2b105e0,eng ENG,MF,Newcastle Utd,21,1997,15.3,1,26,6,23.1,1.70,0.39,0.04,0.17,24.0,3,0,0,0.9,0.9,0.04,+0.1,+0.1,Matches
272,Dejan Lovren\1a2935f6,hr CRO,DF,Liverpool,30,1989,8.6,0,5,1,20.0,0.58,0.12,0.00,0.00,8.0,0,0,0,0.3,0.3,0.06,-0.3,-0.3,Matches
273,Matthew Lowton\9a9c05db,eng ENG,DF,Burnley,30,1989,17.0,0,0,0,,0.00,0.00,,,,0,0,0,0.0,0.0,,0.0,0.0,Matches
274,David Luiz\c0e27d1a,br BRA,DF,Arsenal,32,1987,31.2,2,23,7,30.4,0.74,0.22,0.09,0.29,20.1,7,0,0,1.9,1.9,0.08,+0.1,+0.1,Matches
275,Douglas Luiz\6f7d826d,br BRA,MF,Aston Villa,21,1998,29.0,3,39,12,30.8,1.34,0.41,0.08,0.25,22.9,3,0,0,2.3,2.3,0.06,+0.7,+0.7,Matches
276,John Lundstram\0df2b165,eng ENG,MF,Sheffield Utd,25,1994,27.3,5,44,11,25.0,1.61,0.40,0.11,0.45,16.9,0,0,0,5.2,5.2,0.12,-0.2,-0.2,Matches
277,Alexis Mac Allister\83d074ff,ar ARG,MFFW,Brighton,20,1998,3.9,0,7,1,14.3,1.79,0.26,0.00,0.00,22.2,1,0,0,0.4,0.4,0.05,-0.4,-0.4,Matches
278,James Maddison\ee38d9c5,eng ENG,MF,Leicester City,22,1996,29.2,6,74,18,24.3,2.54,0.62,0.08,0.33,20.9,14,0,0,4.9,4.9,0.07,+1.1,+1.1,Matches
279,Harry Maguire\d8931174,eng ENG,DF,Manchester Utd,26,1993,38.0,1,32,8,25.0,0.84,0.21,0.03,0.13,11.7,0,0,0,2.0,2.0,0.06,-1.0,-1.0,Matches
280,Riyad Mahrez\892d5bb1,dz ALG,FWMF,Manchester City,28,1991,21.6,11,73,30,41.1,3.38,1.39,0.14,0.33,16.7,6,1,1,7.2,6.4,0.09,+3.8,+3.6,Matches
281,Ainsley Maitland-Niles\e3a5814e,eng ENG,DF,Arsenal,21,1997,15.4,0,4,1,25.0,0.26,0.06,0.00,0.00,18.2,0,0,0,0.3,0.3,0.08,-0.3,-0.3,Matches
282,Sadio Mané\c691bfe2,sn SEN,FW,Liverpool,27,1992,30.5,18,76,36,47.4,2.49,1.18,0.24,0.50,13.0,0,0,0,13.8,13.8,0.19,+4.2,+4.2,Matches
283,Javier Manquillo\758dd7f0,es ESP,DF,Newcastle Utd,25,1994,17.8,0,1,0,0.0,0.06,0.00,0.00,,12.2,0,0,0,0.1,0.1,0.05,-0.1,-0.1,Matches
284,Solly March\bb5fbd2b,eng ENG,DFFW,Brighton,25,1994,12.7,0,21,8,38.1,1.65,0.63,0.00,0.00,18.5,1,0,0,1.4,1.4,0.07,-1.4,-1.4,Matches
285,Pablo Marí\aa54ec6f,es ESP,DF,Arsenal,25,1993,1.3,0,0,0,,0.00,0.00,,,,0,0,0,0.0,0.0,,0.0,0.0,Matches
286,Adrian Mariappa\8aa5f52c,jm JAM,DF,Watford,32,1986,16.8,0,3,0,0.0,0.18,0.00,0.00,,8.4,0,0,0,0.3,0.3,0.08,-0.3,-0.3,Matches
287,Anthony Martial\8b788c01,fr FRA,FW,Manchester Utd,23,1995,29.2,17,79,38,48.1,2.71,1.30,0.22,0.45,16.0,0,0,1,10.9,10.1,0.13,+6.1,+6.9,Matches
288,David Martin\07666c20,eng ENG,GK,West Ham,33,1986,4.8,0,0,0,,0.00,0.00,,,,0,0,0,0.0,0.0,,0.0,0.0,Matches
289,Josh Martin\3f072a68,eng ENG,FWMF,Norwich City,17,2001,0.4,0,1,1,100.0,2.43,2.43,0.00,0.00,13.0,0,0,0,0.3,0.3,0.31,-0.3,-0.3,Matches
290,Martinelli\48a5a5d6,br BRA,FW,Arsenal,18,2001,7.4,3,12,5,41.7,1.63,0.68,0.25,0.60,13.2,0,0,0,2.3,2.3,0.19,+0.7,+0.7,Matches
291,Emiliano Martínez\7956236f,ar ARG,GK,Arsenal,26,1992,8.6,0,0,0,,0.00,0.00,,,,0,0,0,0.0,0.0,,0.0,0.0,Matches
292,Adam Masina\de0f152c,ma MAR,DF,Watford,25,1994,20.2,1,15,3,20.0,0.74,0.15,0.07,0.33,20.8,1,0,0,0.7,0.7,0.05,+0.3,+0.3,Matches
293,Arthur Masuaku\57df7a11,cd COD,DF,West Ham,25,1993,10.4,0,5,2,40.0,0.48,0.19,0.00,0.00,29.2,0,0,0,0.1,0.1,0.02,-0.1,-0.1,Matches
294,Juan Mata\29733c72,es ESP,MFFW,Manchester Utd,31,1988,8.4,0,9,1,11.1,1.07,0.12,0.00,0.00,17.8,2,0,0,1.1,1.1,0.13,-1.1,-1.1,Matches
295,Nemanja Matić\eb7822d7,rs SRB,MF,Manchester Utd,30,1988,17.6,0,7,2,28.6,0.40,0.11,0.00,0.00,25.3,0,0,0,0.2,0.2,0.04,-0.2,-0.2,Matches
296,Joël Matip\b217ef29,cm CMR,DF,Liverpool,27,1991,7.8,1,4,1,25.0,0.51,0.13,0.25,1.00,9.3,0,0,0,0.3,0.3,0.08,+0.7,+0.7,Matches
297,Neal Maupay\4bcf39f6,fr FRA,FW,Brighton,22,1996,30.7,10,90,34,37.8,2.93,1.11,0.10,0.26,14.9,0,1,2,11.6,10.1,0.11,-1.6,-1.1,Matches
298,James McArthur\cee31595,sct SCO,MF,Crystal Palace,31,1987,34.3,0,29,6,20.7,0.84,0.17,0.00,0.00,17.9,0,0,0,2.5,2.5,0.08,-2.5,-2.5,Matches
299,Oliver McBurnie\78b8ac63,sct SCO,FW,Sheffield Utd,23,1996,23.5,6,49,24,49.0,2.09,1.02,0.12,0.25,9.2,0,0,0,7.7,7.7,0.16,-1.7,-1.7,Matches
300,Alex McCarthy\36c2ca73,eng ENG,GK,Southampton,29,1989,28.0,0,0,0,,0.00,0.00,,,,0,0,0,0.0,0.0,,0.0,0.0,Matches
301,James McCarthy\64b08de7,ie IRL,MF,Crystal Palace,28,1990,18.7,0,11,3,27.3,0.59,0.16,0.00,0.00,22.5,0,0,0,0.4,0.4,0.04,-0.4,-0.4,Matches
302,John McGinn\90f91999,sct SCO,MF,Aston Villa,24,1994,25.7,3,55,19,34.5,2.14,0.74,0.05,0.16,20.5,0,0,0,3.8,3.8,0.07,-0.8,-0.8,Matches
303,David McGoldrick\dbe56a33,ie IRL,FW,Sheffield Utd,31,1987,20.2,2,46,19,41.3,2.28,0.94,0.04,0.11,14.3,0,0,0,6.8,6.8,0.15,-4.8,-4.8,Matches
304,Michael McGovern\51a19d04,nir NIR,GK,Norwich City,35,1984,1.8,0,0,0,,0.00,0.00,,,,0,0,0,0.0,0.0,,0.0,0.0,Matches
305,Kenny McLean\471f16b3,sct SCO,MF,Norwich City,27,1992,33.0,1,30,10,33.3,0.91,0.30,0.03,0.10,20.7,2,0,0,1.5,1.5,0.05,-0.5,-0.5,Matches
306,Dwight McNeil\fc15fb84,eng ENG,MF,Burnley,19,1999,37.1,2,48,14,29.2,1.29,0.38,0.04,0.14,23.5,10,0,0,2.1,2.1,0.04,-0.1,-0.1,Matches
307,Scott McTominay\d93c2511,sct SCO,MF,Manchester Utd,22,1996,19.7,4,30,10,33.3,1.52,0.51,0.13,0.40,19.8,0,0,0,1.5,1.5,0.05,+2.5,+2.5,Matches
308,Ben Mee\8df7a2fb,eng ENG,DF,Burnley,29,1989,32.0,1,18,5,27.8,0.56,0.16,0.06,0.20,7.6,0,0,0,1.7,1.7,0.10,-0.7,-0.7,Matches
309,Benjamin Mendy\5271c8f1,fr FRA,DF,Manchester City,25,1994,16.6,0,10,1,10.0,0.60,0.06,0.00,0.00,22.1,0,0,0,0.3,0.3,0.03,-0.3,-0.3,Matches
310,Nampalys Mendy\1598599e,sn SEN,MF,Leicester City,27,1992,3.2,0,1,1,100.0,0.31,0.31,0.00,0.00,26.2,0,0,0,0.0,0.0,0.02,0.0,0.0,Matches
311,Chris Mepham\fed96827,wls WAL,DF,Bournemouth,21,1997,10.1,1,6,1,16.7,0.59,0.10,0.17,1.00,8.6,0,0,0,0.7,0.7,0.11,+0.3,+0.3,Matches
312,Max Meyer\eba42d2b,de GER,MFFW,Crystal Palace,23,1995,7.3,0,9,2,22.2,1.24,0.27,0.00,0.00,17.0,0,0,0,0.6,0.6,0.07,-0.6,-0.6,Matches
313,Luka Milivojević\2ce2508a,rs SRB,MF,Crystal Palace,28,1991,27.9,3,29,7,24.1,1.04,0.25,0.03,0.14,27.7,11,2,2,2.5,1.0,0.03,+0.5,0.0,Matches
314,James Milner\2f90f6b8,eng ENG,MFDF,Liverpool,33,1986,10.4,2,10,1,10.0,0.96,0.10,0.00,0.00,24.7,0,2,2,2.1,0.6,0.06,-0.1,-0.6,Matches
315,Yerry Mina\6d5701f2,co COL,DF,Everton,24,1994,25.4,2,30,10,33.3,1.18,0.39,0.07,0.20,9.6,0,0,0,2.5,2.5,0.08,-0.5,-0.5,Matches
316,Takumi Minamino\f833a830,jp JPN,FWMF,Liverpool,24,1995,2.8,0,9,2,22.2,3.25,0.72,0.00,0.00,18.1,0,0,0,1.4,1.4,0.16,-1.4,-1.4,Matches
317,Tyrone Mings\8397a50c,eng ENG,DF,Aston Villa,26,1993,32.2,2,9,4,44.4,0.28,0.12,0.22,0.50,9.0,0,0,0,1.1,1.1,0.12,+0.9,+0.9,Matches
318,Tyrick Mitchell\5cbd1eb0,eng ENG,DF,Crystal Palace,19,1999,2.2,0,0,0,,0.00,0.00,,,,0,0,0,0.0,0.0,,0.0,0.0,Matches
319,Henrikh Mkhitaryan\dd0daf32,am ARM,FW,Arsenal,30,1989,1.2,0,2,0,0.0,1.61,0.00,0.00,,14.6,0,0,0,0.3,0.3,0.13,-0.3,-0.3,Matches
320,Nacho Monreal\d4cb83cc,es ESP,DF,Arsenal,33,1986,3.0,0,1,0,0.0,0.33,0.00,0.00,,9.2,0,0,0,0.1,0.1,0.10,-0.1,-0.1,Matches
321,Martín Montoya\5cec2487,es ESP,DF,Brighton,28,1991,21.1,0,8,3,37.5,0.38,0.14,0.00,0.00,16.6,0,0,0,1.3,1.3,0.16,-1.3,-1.3,Matches
322,Simon Moore\e7434f04,eng ENG,GK,Sheffield Utd,29,1990,2.0,0,0,0,,0.00,0.00,,,,0,0,0,0.0,0.0,,0.0,0.0,Matches
323,Aaron Mooy\47b7e3af,au AUS,MFFW,Brighton,28,1990,23.2,2,33,8,24.2,1.42,0.35,0.06,0.25,19.8,0,0,0,2.0,2.0,0.06,0.0,0.0,Matches
324,Wesley Moraes\bfae110f,br BRA,FW,Aston Villa,22,1996,19.8,5,35,17,48.6,1.77,0.86,0.14,0.29,12.0,0,0,1,5.0,4.2,0.12,0.0,+0.8,Matches
325,Wes Morgan\80c31c97,jm JAM,DF,Leicester City,35,1984,4.8,0,3,1,33.3,0.62,0.21,0.00,0.00,10.3,0,0,0,0.1,0.1,0.04,-0.1,-0.1,Matches
326,Ravel Morrison\bf59c794,jm JAM,MF,Sheffield Utd,26,1993,0.1,0,1,0,0.0,6.92,0.00,0.00,,19.1,0,0,0,0.0,0.0,0.02,0.0,0.0,Matches
327,Mason Mount\9674002f,eng ENG,MFFW,Chelsea,20,1999,31.9,7,78,29,37.2,2.45,0.91,0.09,0.24,20.3,12,0,0,7.2,7.2,0.09,-0.2,-0.2,Matches
328,Lucas Moura\2b622f01,br BRA,FWMF,Tottenham,26,1992,24.9,4,56,13,23.2,2.25,0.52,0.07,0.31,16.8,0,0,0,5.9,5.9,0.11,-1.9,-1.9,Matches
329,Lys Mousset\d9cfca3d,fr FRA,FW,Sheffield Utd,23,1996,13.8,6,35,9,25.7,2.54,0.65,0.17,0.67,15.9,0,0,0,4.9,4.9,0.14,+1.1,+1.1,Matches
330,João Moutinho\f5a00fa4,pt POR,MF,Wolves,32,1986,34.5,1,22,6,27.3,0.64,0.17,0.05,0.17,23.7,4,0,0,0.8,0.8,0.04,+0.2,+0.2,Matches
331,Glenn Murray\f2f29dda,eng ENG,FW,Brighton,35,1983,8.9,1,17,4,23.5,1.92,0.45,0.06,0.25,13.8,0,0,0,2.1,2.1,0.13,-1.1,-1.1,Matches
332,Shkodran Mustafi\3f2d59fe,de GER,DF,Arsenal,27,1992,13.4,0,11,3,27.3,0.82,0.22,0.00,0.00,8.7,0,0,0,0.8,0.8,0.07,-0.8,-0.8,Matches
333,Yoshinori Mutō\5343eb4e,jp JPN,FWMF,Newcastle Utd,27,1992,2.4,0,1,0,0.0,0.42,0.00,0.00,,8.2,0,0,0,0.1,0.1,0.09,-0.1,-0.1,Matches
334,Georges-Kévin N'Koudou\76c131da,fr FRA,FW,Tottenham,24,1995,0.0,0,1,0,0.0,30.00,0.00,0.00,,20.5,0,0,0,0.0,0.0,0.02,0.0,0.0,Matches
335,Marvelous Nakamba\de5b5570,zw ZIM,MF,Aston Villa,25,1994,20.4,0,7,1,14.3,0.34,0.05,0.00,0.00,28.2,0,0,0,0.2,0.2,0.03,-0.2,-0.2,Matches
336,Wilfred Ndidi\6b47c5db,ng NGA,MF,Leicester City,22,1996,29.7,2,27,2,7.4,0.91,0.07,0.07,1.00,17.8,0,0,0,1.9,1.9,0.07,+0.1,+0.1,Matches
337,Tanguy Ndombele\5cdddffa,fr FRA,MF,Tottenham,22,1996,11.2,2,9,4,44.4,0.80,0.36,0.22,0.50,25.4,0,0,0,0.4,0.4,0.05,+1.6,+1.6,Matches
338,Reiss Nelson\c5bdb6e3,eng ENG,FW,Arsenal,19,1999,7.0,1,11,4,36.4,1.57,0.57,0.09,0.25,16.8,0,0,0,0.9,0.9,0.08,+0.1,+0.1,Matches
339,Pedro Neto\7ba2eaa9,pt POR,FWMF,Wolves,19,2000,10.4,3,17,6,35.3,1.63,0.58,0.18,0.50,16.4,0,0,0,2.0,2.0,0.12,+1.0,+1.0,Matches
340,Rúben Neves\44bfb6c5,pt POR,MF,Wolves,22,1997,34.0,2,62,10,16.1,1.83,0.29,0.03,0.20,27.0,7,0,0,1.6,1.6,0.03,+0.4,+0.4,Matches
341,Jeremy Ngakia\3631ad41,eng ENG,DF,West Ham,18,2000,4.9,0,1,1,100.0,0.20,0.20,0.00,0.00,25.0,0,0,0,0.0,0.0,0.03,0.0,0.0,Matches
342,Oumar Niasse\af721f98,sn SEN,FW,Everton,29,1990,0.2,0,0,0,,0.00,0.00,,,,0,0,0,0.0,0.0,,0.0,0.0,Matches
343,Eddie Nketiah\a53649b7,eng ENG,FW,Arsenal,20,1999,7.0,2,15,5,33.3,2.13,0.71,0.13,0.40,12.3,0,0,0,3.1,3.1,0.21,-1.1,-1.1,Matches
344,Mark Noble\ff527768,eng ENG,MF,West Ham,32,1987,29.7,4,14,3,21.4,0.47,0.10,0.07,0.33,24.7,0,3,3,2.8,0.5,0.04,+1.2,+0.5,Matches
345,Oliver Norwood\43439614,nir NIR,MF,Sheffield Utd,28,1991,34.3,1,16,5,31.3,0.47,0.15,0.00,0.00,27.2,4,1,1,1.4,0.7,0.04,-0.4,-0.7,Matches
346,Ørjan Nyland\bdedffac,no NOR,GK,Aston Villa,28,1990,6.0,0,0,0,,0.00,0.00,,,,0,0,0,0.0,0.0,,0.0,0.0,Matches
347,Jack O'Connell\312626c1,eng ENG,DF,Sheffield Utd,25,1994,32.4,0,16,2,12.5,0.49,0.06,0.00,0.00,9.2,0,0,0,1.2,1.2,0.08,-1.2,-1.2,Matches
348,Michael Obafemi\caa1a7f0,ie IRL,FW,Southampton,19,2000,7.4,3,12,4,33.3,1.62,0.54,0.25,0.75,14.3,0,0,0,1.9,1.9,0.16,+1.1,+1.1,Matches
349,Angelo Ogbonna\74b2cd7e,it ITA,DF,West Ham,31,1988,31.0,2,14,4,28.6,0.45,0.13,0.14,0.50,9.8,0,0,0,1.4,1.4,0.10,+0.6,+0.6,Matches
350,Divock Origi\43a166b4,be BEL,FW,Liverpool,24,1995,8.0,4,14,6,42.9,1.76,0.75,0.29,0.67,15.9,0,0,0,2.2,2.2,0.16,+1.8,+1.8,Matches
351,Ben Osborn\79bc4c45,eng ENG,MFDF,Sheffield Utd,24,1994,6.6,0,3,1,33.3,0.45,0.15,0.00,0.00,12.3,0,0,0,0.3,0.3,0.11,-0.3,-0.3,Matches
352,Nicolás Otamendi\0d267745,ar ARG,DF,Manchester City,31,1988,19.1,2,15,7,46.7,0.79,0.37,0.13,0.29,6.8,0,0,0,2.4,2.4,0.16,-0.4,-0.4,Matches
353,Alex Oxlade-Chamberlain\38c7feef,eng ENG,MFFW,Liverpool,25,1993,16.5,4,40,10,25.0,2.42,0.61,0.10,0.40,22.0,0,0,0,2.9,2.9,0.07,+1.1,+1.1,Matches
354,Mesut Özil\16380240,de GER,MF,Arsenal,30,1988,16.0,1,9,3,33.3,0.56,0.19,0.11,0.33,12.8,0,0,0,1.3,1.3,0.15,-0.3,-0.3,Matches
355,Emerson Palmieri\e0bc6fdc,it ITA,DF,Chelsea,24,1994,11.4,0,13,7,53.8,1.14,0.62,0.00,0.00,19.9,1,0,0,1.0,1.0,0.07,-1.0,-1.0,Matches
356,Sokratis Papastathopoulos\b682dcf6,gr GRE,DF,Arsenal,31,1988,18.8,2,7,2,28.6,0.37,0.11,0.29,1.00,8.7,0,0,0,1.0,1.0,0.14,+1.0,+1.0,Matches
357,Troy Parrott\4357f557,ie IRL,MFDF,Tottenham,17,2002,0.1,0,0,0,,0.00,0.00,,,,0,0,0,0.0,0.0,,0.0,0.0,Matches
358,Rui Patrício\79b0d6a0,pt POR,GK,Wolves,31,1988,38.0,0,0,0,,0.00,0.00,,,,0,0,0,0.0,0.0,,0.0,0.0,Matches
359,Pedro\3ca7254a,es ESP,FW,Chelsea,32,1987,7.3,1,23,9,39.1,3.13,1.23,0.04,0.11,15.7,0,0,0,2.8,2.8,0.12,-1.8,-1.8,Matches
360,João Pedro\e8832875,br BRA,FWMF,Watford,17,2001,0.3,0,1,0,0.0,3.60,0.00,0.00,,16.0,0,0,0,0.1,0.1,0.05,-0.1,-0.1,Matches
361,Nicolas Pépé\57e3f0c7,ci CIV,FW,Arsenal,24,1995,22.3,5,49,16,32.7,2.19,0.72,0.08,0.25,19.4,7,1,1,4.5,3.8,0.08,+0.5,+0.2,Matches
362,Andreas Pereira\6639e500,br BRA,MFFW,Manchester Utd,23,1996,16.5,1,37,14,37.8,2.24,0.85,0.03,0.07,22.4,3,0,0,2.3,2.3,0.06,-1.3,-1.3,Matches
363,Ricardo Pereira\75a72a99,pt POR,DF,Leicester City,25,1993,28.0,3,17,5,29.4,0.61,0.18,0.18,0.60,18.9,0,0,0,1.1,1.0,0.06,+1.9,+2.0,Matches
364,Roberto Pereyra\75f2c59f,ar ARG,FWMF,Watford,28,1991,18.3,3,19,8,42.1,1.04,0.44,0.11,0.25,18.3,4,1,1,2.5,1.7,0.09,+0.5,+0.3,Matches
365,Ayoze Pérez\819aa8e7,es ESP,MFFW,Leicester City,26,1993,22.3,8,46,20,43.5,2.07,0.90,0.15,0.35,14.0,0,1,1,5.7,4.9,0.11,+2.3,+2.1,Matches
366,Jordan Pickford\4806ec67,eng ENG,GK,Everton,25,1994,38.0,0,0,0,,0.00,0.00,,,,0,0,0,0.0,0.0,,0.0,0.0,Matches
367,Brandon Pierrick\9a526299,eng ENG,DFFW,Crystal Palace,17,2001,0.2,0,0,0,,0.00,0.00,,,,0,0,0,0.0,0.0,,0.0,0.0,Matches
368,Erik Pieters\1ef37668,nl NED,DFMF,Burnley,30,1988,20.9,0,14,4,28.6,0.67,0.19,0.00,0.00,22.4,0,0,0,0.6,0.6,0.04,-0.6,-0.6,Matches
369,Daniel Podence\7fcc71d8,pt POR,FWMF,Wolves,23,1995,3.2,1,10,4,40.0,3.11,1.25,0.10,0.25,13.6,0,0,0,1.6,1.6,0.16,-0.6,-0.6,Matches
370,Paul Pogba\867239d3,fr FRA,MF,Manchester Utd,26,1993,13.4,1,21,7,33.3,1.57,0.52,0.05,0.14,21.2,2,0,1,2.0,1.2,0.06,-1.0,-0.2,Matches
371,Nick Pope\4b40d9ca,eng ENG,GK,Burnley,27,1992,38.0,0,0,0,,0.00,0.00,,,,0,0,0,0.0,0.0,,0.0,0.0,Matches
372,Dennis Praet\86695068,be BEL,MF,Leicester City,25,1994,12.6,1,16,3,18.8,1.27,0.24,0.06,0.33,18.6,0,0,0,1.4,1.4,0.08,-0.4,-0.4,Matches
373,Sebastian Prödl\f5e6d08d,at AUT,DF,Watford,32,1987,0.6,0,2,0,0.0,3.21,0.00,0.00,,9.7,0,0,0,0.1,0.1,0.03,-0.1,-0.1,Matches
374,Davy Pröpper\fdd85f94,nl NED,MF,Brighton,27,1991,31.4,1,31,8,25.8,0.99,0.25,0.03,0.13,20.3,0,0,0,1.3,1.3,0.04,-0.3,-0.3,Matches
375,Teemu Pukki\0745b37d,fi FIN,FW,Norwich City,29,1990,32.1,11,80,32,40.0,2.49,1.00,0.11,0.28,15.0,0,2,2,12.1,10.6,0.13,-1.1,-1.6,Matches
376,Christian Pulisic\1bf33a9a,us USA,FW,Chelsea,20,1998,19.1,9,62,25,40.3,3.24,1.31,0.15,0.36,13.2,0,0,0,8.2,8.2,0.13,+0.8,+0.8,Matches
377,Ignacio Pussetto\62437b4f,ar ARG,FWDF,Watford,23,1995,0.8,0,0,0,,0.00,0.00,,,,0,0,0,0.0,0.0,,0.0,0.0,Matches
378,Domingos Quina\41fb0f4e,pt POR,MF,Watford,19,1999,0.2,0,1,1,100.0,4.09,4.09,0.00,0.00,22.8,0,0,0,0.0,0.0,0.02,0.0,0.0,Matches
379,Aaron Ramsdale\466fb2c5,eng ENG,GK,Bournemouth,21,1998,37.0,0,0,0,,0.00,0.00,,,,0,0,0,0.0,0.0,,0.0,0.0,Matches
380,Darren Randolph\6385ebfb,ie IRL,GK,West Ham,32,1987,2.0,0,0,0,,0.00,0.00,,,,0,0,0,0.0,0.0,,0.0,0.0,Matches
381,Marcus Rashford\a1d5bd30,eng ENG,FW,Manchester Utd,21,1997,29.4,17,84,38,45.2,2.86,1.29,0.13,0.29,19.6,16,6,8,17.3,11.2,0.13,-0.3,-0.2,Matches
382,Nathan Redmond\ab651565,eng ENG,MFFW,Southampton,25,1994,30.7,4,59,21,35.6,1.92,0.68,0.07,0.19,18.5,2,0,0,5.0,5.0,0.09,-1.0,-1.0,Matches
383,Pepe Reina\e358587b,es ESP,GK,Aston Villa,36,1982,12.0,0,0,0,,0.00,0.00,,,,0,0,0,0.0,0.0,,0.0,0.0,Matches
384,Declan Rice\1c7012b8,eng ENG,MF,West Ham,20,1999,38.0,1,30,9,30.0,0.79,0.24,0.03,0.11,22.6,0,0,0,1.1,1.1,0.04,-0.1,-0.1,Matches
385,Richarlison\fa031b34,br BRA,FW,Everton,22,1997,34.1,13,91,31,34.1,2.67,0.91,0.14,0.42,14.0,0,0,0,9.1,9.1,0.10,+3.9,+3.9,Matches
386,Diego Rico\d9ba39fc,es ESP,DF,Bournemouth,26,1993,25.9,0,11,3,27.3,0.42,0.12,0.00,0.00,26.8,1,0,0,0.3,0.3,0.03,-0.3,-0.3,Matches
387,Jaïro Riedewald\7a1f2c08,nl NED,DFMF,Crystal Palace,22,1996,8.5,0,3,0,0.0,0.35,0.00,0.00,,27.4,0,0,0,0.0,0.0,0.02,0.0,0.0,Matches
388,Matt Ritchie\71ef519e,sct SCO,DFMF,Newcastle Utd,29,1989,14.6,2,25,6,24.0,1.71,0.41,0.08,0.33,23.7,1,0,1,1.6,0.8,0.03,+0.4,+1.2,Matches
389,Roberto\ba3ca78f,es ESP,GK,West Ham,33,1986,7.6,0,0,0,,0.00,0.00,,,,0,0,0,0.0,0.0,,0.0,0.0,Matches
390,Patrick Roberts\59d93937,eng ENG,FWMF,Norwich City,22,1997,0.3,0,0,0,,0.00,0.00,,,,0,0,0,0.0,0.0,,0.0,0.0,Matches
391,Andrew Robertson\2e4f5f03,sct SCO,DF,Liverpool,25,1994,34.6,2,20,6,30.0,0.58,0.17,0.10,0.33,17.7,0,0,0,1.6,1.6,0.08,+0.4,+0.4,Matches
392,Callum Robinson\e75750a3,ie IRL,FWMF,Sheffield Utd,24,1995,7.5,1,13,3,23.1,1.73,0.40,0.08,0.33,13.5,0,0,0,2.1,2.1,0.16,-1.1,-1.1,Matches
393,Jack Robinson\7399c7a8,eng ENG,DF,Sheffield Utd,25,1993,5.6,0,0,0,,0.00,0.00,,,,0,0,0,0.0,0.0,,0.0,0.0,Matches
394,Rodri\6434f10d,es ESP,MF,Manchester City,23,1996,27.6,3,24,9,37.5,0.87,0.33,0.13,0.33,18.8,0,0,0,1.0,1.0,0.04,+2.0,+2.0,Matches
395,Jay Rodriguez\4ab53cdb,eng ENG,FW,Burnley,30,1989,22.4,8,66,26,39.4,2.95,1.16,0.11,0.27,17.1,0,1,1,8.0,7.2,0.11,0.0,-0.2,Matches
396,Jack Rodwell\a07579ee,eng ENG,MF,Sheffield Utd,28,1991,0.2,0,0,0,,0.00,0.00,,,,0,0,0,0.0,0.0,,0.0,0.0,Matches
397,Marcos Rojo\e0991c04,ar ARG,DF,Manchester Utd,29,1990,1.4,0,1,0,0.0,0.74,0.00,0.00,,5.1,0,0,0,0.1,0.1,0.11,-0.1,-0.1,Matches
398,Oriol Romeu\4b511457,es ESP,MF,Southampton,27,1991,20.7,0,9,0,0.0,0.44,0.00,0.00,,20.6,0,0,0,0.3,0.3,0.03,-0.3,-0.3,Matches
399,Danny Rose\89d10e53,eng ENG,DF,Tottenham,29,1990,9.9,0,2,0,0.0,0.20,0.00,0.00,,18.7,0,0,0,0.2,0.2,0.08,-0.2,-0.2,Matches
400,Danny Rose\89d10e53,eng ENG,DF,Newcastle Utd,29,1990,9.6,0,0,0,,0.00,0.00,,,,0,0,0,0.0,0.0,,0.0,0.0,Matches
401,Antonio Rüdiger\18b896d6,de GER,DF,Chelsea,26,1993,19.0,2,11,3,27.3,0.58,0.16,0.18,0.67,13.9,0,0,0,0.6,0.6,0.05,+1.4,+1.4,Matches
402,Lukas Rupp\3faa1780,de GER,FWMF,Norwich City,28,1991,7.7,0,4,2,50.0,0.52,0.26,0.00,0.00,16.1,0,0,0,0.3,0.3,0.08,-0.3,-0.3,Matches
403,Mathew Ryan\4535e4bb,au AUS,GK,Brighton,27,1992,38.0,0,0,0,,0.00,0.00,,,,0,0,0,0.0,0.0,,0.0,0.0,Matches
404,Allan Saint-Maximin\2b16cb1a,fr FRA,MFFW,Newcastle Utd,22,1997,20.7,3,46,20,43.5,2.22,0.97,0.07,0.15,22.2,0,0,0,3.2,3.2,0.07,-0.2,-0.2,Matches
405,Romain Saïss\9fbbcf39,ma MAR,DF,Wolves,29,1990,30.1,2,23,8,34.8,0.77,0.27,0.09,0.25,12.5,1,0,0,2.7,2.7,0.12,-0.7,-0.7,Matches
406,Bukayo Saka\bc7dc64d,eng ENG,DFFW,Arsenal,17,2001,19.5,1,13,4,30.8,0.67,0.21,0.08,0.25,17.5,0,0,0,1.3,1.3,0.10,-0.3,-0.3,Matches
407,Mamadou Sakho\87935cf3,fr FRA,DF,Crystal Palace,29,1990,10.3,0,0,0,,0.00,0.00,,,,0,0,0,0.0,0.0,,0.0,0.0,Matches
408,Mohamed Salah\e342ad68,eg EGY,FW,Liverpool,27,1992,32.0,19,130,56,43.1,4.07,1.75,0.12,0.29,14.8,4,3,3,19.4,17.2,0.13,-0.4,-1.2,Matches
409,Mbwana Samatta\dae8623e,tz TAN,FW,Aston Villa,26,1992,10.5,1,17,3,17.6,1.62,0.29,0.06,0.33,10.1,0,0,0,1.9,1.9,0.11,-0.9,-0.9,Matches
410,Carlos Sánchez\50b51fac,co COL,MFDF,West Ham,33,1986,1.3,0,0,0,,0.00,0.00,,,,0,0,0,0.0,0.0,,0.0,0.0,Matches
411,Davinson Sánchez\da7b447d,co COL,DF,Tottenham,23,1996,27.0,0,8,3,37.5,0.30,0.11,0.00,0.00,8.7,0,0,0,0.6,0.6,0.07,-0.6,-0.6,Matches
412,Leroy Sané\2b114be3,de GER,FW,Manchester City,23,1996,0.1,0,2,0,0.0,15.00,0.00,0.00,,25.4,1,0,0,0.1,0.1,0.05,-0.1,-0.1,Matches
413,Ismaila Sarr\bfdb33aa,sn SEN,FWMF,Watford,21,1998,22.5,5,44,13,29.5,1.95,0.58,0.11,0.38,15.1,0,0,0,5.7,5.7,0.13,-0.7,-0.7,Matches
414,Fabian Schär\c8aa95da,ch SUI,DFMF,Newcastle Utd,27,1991,18.6,2,19,6,31.6,1.02,0.32,0.11,0.33,22.5,1,0,0,1.1,1.1,0.06,+0.9,+0.9,Matches
415,Ezequiel Schelotto\a6e316c1,it ITA,DF,Brighton,30,1989,4.0,0,5,1,20.0,1.25,0.25,0.00,0.00,15.2,0,0,0,0.3,0.3,0.06,-0.3,-0.3,Matches
416,Jeffrey Schlupp\3312f911,gh GHA,MF,Crystal Palace,26,1992,11.5,3,18,9,50.0,1.56,0.78,0.17,0.33,18.9,0,0,0,1.7,1.7,0.09,+1.3,+1.3,Matches
417,Kasper Schmeichel\53af52f3,dk DEN,GK,Leicester City,32,1986,38.0,0,1,0,0.0,0.03,0.00,0.00,,59.0,1,0,0,0.0,0.0,0.04,0.0,0.0,Matches
418,Morgan Schneiderlin\51b41c5c,fr FRA,MF,Everton,29,1989,11.1,0,6,0,0.0,0.54,0.00,0.00,,19.9,0,0,0,0.3,0.3,0.05,-0.3,-0.3,Matches
419,Ryan Sessegnon\6aa3e78b,eng ENG,DF,Tottenham,19,2000,3.8,0,1,0,0.0,0.26,0.00,0.00,,15.1,0,0,0,0.1,0.1,0.11,-0.1,-0.1,Matches
420,Xherdan Shaqiri\6421ec64,ch SUI,FWMF,Liverpool,27,1991,2.1,1,4,1,25.0,1.95,0.49,0.25,1.00,19.5,0,0,0,0.6,0.6,0.14,+0.4,+0.4,Matches
421,Billy Sharp\e8c9f4e9,eng ENG,FW,Sheffield Utd,33,1986,11.7,3,14,5,35.7,1.20,0.43,0.21,0.60,9.5,0,0,0,2.7,2.7,0.19,+0.3,+0.3,Matches
422,Luke Shaw\9c94165b,eng ENG,DF,Manchester Utd,24,1995,19.3,0,10,5,50.0,0.52,0.26,0.00,0.00,18.6,0,0,0,0.5,0.5,0.05,-0.5,-0.5,Matches
423,Jonjo Shelvey\3727dd3c,eng ENG,MF,Newcastle Utd,27,1992,23.5,6,45,14,31.1,1.91,0.59,0.13,0.43,25.6,8,0,0,2.5,2.5,0.05,+3.5,+3.5,Matches
424,Djibril Sidibé\4c5b714f,fr FRA,DF,Everton,27,1992,20.3,0,12,3,25.0,0.59,0.15,0.00,0.00,24.4,0,0,0,0.4,0.4,0.03,-0.4,-0.4,Matches
425,Gylfi Sigurðsson\76dd1480,is ISL,MF,Everton,29,1989,28.4,2,45,12,26.7,1.58,0.42,0.02,0.08,21.1,5,1,1,4.2,3.4,0.08,-2.2,-2.4,Matches
426,Bernardo Silva\3eb22ec9,pt POR,FWMF,Manchester City,24,1994,22.6,6,49,15,30.6,2.17,0.67,0.12,0.40,14.0,0,0,0,6.7,6.7,0.14,-0.7,-0.7,Matches
427,David Silva\e2716bd0,es ESP,MF,Manchester City,33,1986,20.3,6,46,17,37.0,2.27,0.84,0.13,0.35,14.2,5,0,0,6.3,6.3,0.14,-0.3,-0.3,Matches
428,Jack Simpson\76fa5f80,eng ENG,DF,Bournemouth,22,1996,2.7,0,1,0,0.0,0.37,0.00,0.00,,15.0,0,0,0,0.0,0.0,0.01,0.0,0.0,Matches
429,Moussa Sissoko\2acd49b9,fr FRA,MF,Tottenham,29,1989,27.2,2,14,4,28.6,0.51,0.15,0.14,0.50,14.8,0,0,0,2.4,2.4,0.17,-0.4,-0.4,Matches
430,Oliver Skipp\6250083a,eng ENG,MFDF,Tottenham,18,2000,0.9,0,0,0,,0.00,0.00,,,,0,0,0,0.0,0.0,,0.0,0.0,Matches
431,William Smallbone\5e105217,ie IRL,MF,Southampton,19,2000,4.4,0,5,0,0.0,1.15,0.00,0.00,,21.7,0,0,0,0.3,0.3,0.05,-0.3,-0.3,Matches
432,Adam Smith\20b104bc,eng ENG,DF,Bournemouth,28,1991,22.8,0,4,1,25.0,0.18,0.04,0.00,0.00,17.9,0,0,0,0.6,0.6,0.14,-0.6,-0.6,Matches
433,Emile Smith-Rowe\17695062,eng ENG,MF,Arsenal,19,2000,1.1,0,0,0,,0.00,0.00,,,,0,0,0,0.0,0.0,,0.0,0.0,Matches
434,Robert Snodgrass\9f4647e9,sct SCO,MFFW,West Ham,31,1987,16.8,5,21,10,47.6,1.25,0.60,0.24,0.50,16.3,0,0,0,2.8,2.8,0.13,+2.2,+2.2,Matches
435,Cédric Soares\839c14e1,pt POR,DF,Southampton,27,1991,14.5,0,10,4,40.0,0.69,0.28,0.00,0.00,19.6,0,0,0,0.6,0.6,0.06,-0.6,-0.6,Matches
436,Cédric Soares\839c14e1,pt POR,DF,Arsenal,27,1991,2.8,1,1,1,100.0,0.36,0.36,1.00,1.00,24.0,0,0,0,0.0,0.0,0.02,+1.0,+1.0,Matches
437,Dominic Solanke\e77dc3b2,eng ENG,FWMF,Bournemouth,21,1997,18.3,3,35,8,22.9,1.91,0.44,0.09,0.38,13.8,0,0,0,3.7,3.7,0.11,-0.7,-0.7,Matches
438,Tomáš Souček\6613c819,cz CZE,MF,West Ham,24,1995,11.6,3,19,7,36.8,1.64,0.61,0.16,0.43,12.1,0,0,0,2.2,2.2,0.12,+0.8,+0.8,Matches
439,Çağlar Söyüncü\21166ff4,tr TUR,DF,Leicester City,23,1996,33.7,1,20,7,35.0,0.59,0.21,0.05,0.14,9.0,0,0,0,2.3,2.3,0.11,-1.3,-1.3,Matches
440,Dennis Srbeny\1fdec858,de GER,MFFW,Norwich City,25,1994,0.5,1,2,1,50.0,3.83,1.91,0.50,1.00,8.5,0,0,0,0.6,0.6,0.30,+0.4,+0.4,Matches
441,Jack Stacey\558807c0,eng ENG,DF,Bournemouth,23,1996,17.2,0,5,2,40.0,0.29,0.12,0.00,0.00,11.5,0,0,0,0.3,0.3,0.05,-0.3,-0.3,Matches
442,Junior Stanislas\6992791d,eng ENG,MFDF,Bournemouth,29,1989,7.9,3,16,6,37.5,2.02,0.76,0.13,0.33,20.5,3,1,1,1.6,0.8,0.05,+1.4,+1.2,Matches
443,Jed Steer\a8a3d139,eng ENG,GK,Aston Villa,26,1992,0.1,0,0,0,,0.00,0.00,,,,0,0,0,0.0,0.0,,0.0,0.0,Matches
444,Dale Stephens\653ee42d,eng ENG,MF,Brighton,30,1989,28.1,0,18,2,11.1,0.64,0.07,0.00,0.00,24.7,0,0,0,0.5,0.5,0.03,-0.5,-0.5,Matches
445,Jack Stephens\6adbc307,eng ENG,DF,Southampton,25,1994,27.2,1,6,1,16.7,0.22,0.04,0.17,1.00,8.6,0,0,0,0.7,0.7,0.12,+0.3,+0.3,Matches
446,Raheem Sterling\b400bde0,eng ENG,FW,Manchester City,24,1994,29.5,20,96,36,37.5,3.26,1.22,0.21,0.56,13.5,1,0,2,17.1,15.1,0.16,+2.9,+4.9,Matches
447,Enda Stevens\17d4507a,ie IRL,DF,Sheffield Utd,29,1990,37.2,2,22,4,18.2,0.59,0.11,0.09,0.50,18.3,0,0,0,1.2,1.2,0.05,+0.8,+0.8,Matches
448,Marco Stiepermann\b606638c,de GER,MF,Norwich City,28,1991,13.1,0,19,5,26.3,1.45,0.38,0.00,0.00,17.1,0,0,0,1.5,1.5,0.08,-1.5,-1.5,Matches
449,John Stones\5eecec3d,eng ENG,DF,Manchester City,25,1994,12.5,0,6,1,16.7,0.48,0.08,0.00,0.00,7.9,0,0,0,0.6,0.6,0.10,-0.6,-0.6,Matches
450,Isaac Success\f573a8bf,ng NGA,FWMF,Watford,23,1996,0.8,0,1,1,100.0,1.29,1.29,0.00,0.00,11.0,0,0,0,0.1,0.1,0.07,-0.1,-0.1,Matches
451,Ki Sung-yueng\1d8c99b0,kr KOR,MF,Newcastle Utd,30,1989,1.5,0,0,0,,0.00,0.00,,,,0,0,0,0.0,0.0,,0.0,0.0,Matches
452,Andrew Surman\7d41b619,eng ENG,MF,Bournemouth,32,1986,2.6,0,1,0,0.0,0.38,0.00,0.00,,24.2,0,0,0,0.0,0.0,0.02,0.0,0.0,Matches
453,Sam Surridge\b017b770,eng ENG,FWMF,Bournemouth,21,1998,0.3,0,2,0,0.0,6.67,0.00,0.00,,11.6,0,0,0,0.4,0.4,0.20,-0.4,-0.4,Matches
454,Japhet Tanganga\e9971f2d,eng ENG,DF,Tottenham,20,1999,5.8,0,3,1,33.3,0.51,0.17,0.00,0.00,27.1,0,0,0,0.1,0.1,0.02,-0.1,-0.1,Matches
455,Matt Targett\e514ab62,eng ENG,DF,Aston Villa,23,1995,25.5,1,7,4,57.1,0.27,0.16,0.14,0.25,16.4,1,0,0,0.5,0.5,0.07,+0.5,+0.5,Matches
456,James Tarkowski\15ea812b,eng ENG,DF,Burnley,26,1992,38.0,2,20,4,20.0,0.53,0.11,0.10,0.50,8.2,0,0,0,2.4,2.4,0.12,-0.4,-0.4,Matches
457,Charlie Taylor\cc2d7ad5,eng ENG,DF,Burnley,25,1993,21.6,0,1,0,0.0,0.05,0.00,0.00,,23.6,0,0,0,0.0,0.0,0.03,0.0,0.0,Matches
458,Neil Taylor\c2f9d19f,wls WAL,DF,Aston Villa,30,1989,12.1,0,3,0,0.0,0.25,0.00,0.00,,15.1,0,0,0,0.3,0.3,0.10,-0.3,-0.3,Matches
459,Nathan Tella\f1e94cd6,eng ENG,FW,Southampton,20,1999,0.0,0,1,1,100.0,30.00,30.00,0.00,0.00,18.0,0,0,0,0.1,0.1,0.05,-0.1,-0.1,Matches
460,Alexander Tettey\75566759,no NOR,MFDF,Norwich City,33,1986,26.0,1,23,3,13.0,0.89,0.12,0.04,0.33,23.2,0,0,0,0.8,0.8,0.04,+0.2,+0.2,Matches
461,Jordan Thomas\b547f08c,eng ENG,FW,Norwich City,18,2001,0.0,0,0,0,,0.00,0.00,,,,0,0,0,0.0,0.0,,0.0,0.0,Matches
462,Luke Thomas\fc027d02,eng ENG,DF,Leicester City,18,2001,3.0,0,0,0,,0.00,0.00,,,,0,0,0,0.0,0.0,,0.0,0.0,Matches
463,Max Thompson\fa38722f,eng ENG,FW,Burnley,17,2002,0.0,0,0,0,,0.00,0.00,,,,0,0,0,0.0,0.0,,0.0,0.0,Matches
464,Youri Tielemans\56f7a928,be BEL,MF,Leicester City,22,1997,31.4,3,54,13,24.1,1.72,0.41,0.06,0.23,22.6,0,0,0,3.3,3.3,0.06,-0.3,-0.3,Matches
465,Kieran Tierney\fce2302c,sct SCO,DF,Arsenal,22,1997,11.0,1,6,2,33.3,0.55,0.18,0.17,0.50,19.8,0,0,0,0.3,0.3,0.04,+0.7,+0.7,Matches
466,James Tomkins\e7ca0439,eng ENG,DF,Crystal Palace,30,1989,17.6,1,9,2,22.2,0.51,0.11,0.11,0.50,7.9,0,0,0,1.2,1.2,0.13,-0.2,-0.2,Matches
467,Fikayo Tomori\7edfbb8a,eng ENG,DF,Chelsea,21,1997,14.3,1,7,3,42.9,0.49,0.21,0.14,0.33,13.6,0,0,0,0.6,0.6,0.08,+0.4,+0.4,Matches
468,Lucas Torreira\52611641,uy URU,MF,Arsenal,23,1996,16.8,1,21,6,28.6,1.25,0.36,0.05,0.17,17.5,0,0,0,1.6,1.6,0.08,-0.6,-0.6,Matches
469,Cenk Tosun\9a104dee,tr TUR,FW,Everton,28,1991,3.2,1,11,3,27.3,3.40,0.93,0.09,0.33,13.7,0,0,0,0.7,0.7,0.07,+0.3,+0.3,Matches
470,Cenk Tosun\9a104dee,tr TUR,FW,Crystal Palace,28,1991,2.0,1,4,2,50.0,2.03,1.02,0.25,0.50,11.9,0,0,0,0.7,0.7,0.18,+0.3,+0.3,Matches
471,Andros Townsend\b28bbd58,eng ENG,MF,Crystal Palace,28,1991,14.4,1,12,5,41.7,0.83,0.35,0.08,0.20,24.9,1,0,0,0.4,0.4,0.03,+0.6,+0.6,Matches
472,Adama Traoré\9a28eba4,es ESP,FWMF,Wolves,23,1996,28.9,4,43,12,27.9,1.49,0.41,0.09,0.33,19.6,0,0,0,3.5,3.5,0.08,+0.5,+0.5,Matches
473,Mark Travers\fe558029,ie IRL,GK,Bournemouth,20,1999,1.0,0,0,0,,0.00,0.00,,,,0,0,0,0.0,0.0,,0.0,0.0,Matches
474,Trézéguet\3ae14ed1,eg EGY,FWMF,Aston Villa,24,1994,21.7,6,50,17,34.0,2.31,0.78,0.12,0.35,17.2,3,0,0,3.9,3.9,0.08,+2.1,+2.1,Matches
475,Leandro Trossard\38ceb24a,be BEL,FWMF,Brighton,24,1994,22.3,5,42,13,31.0,1.88,0.58,0.12,0.38,16.0,0,0,0,4.7,4.7,0.11,+0.3,+0.3,Matches
476,Tom Trybull\552aa16c,de GER,MF,Norwich City,26,1993,12.6,0,11,2,18.2,0.88,0.16,0.00,0.00,17.3,0,0,0,0.4,0.4,0.04,-0.4,-0.4,Matches
477,Axel Tuanzebe\2baec6ce,eng ENG,DF,Manchester Utd,21,1997,2.1,0,0,0,,0.00,0.00,,,,0,0,0,0.0,0.0,,0.0,0.0,Matches
478,Yan Valery\531a4aa8,fr FRA,DF,Southampton,20,1999,8.7,0,3,2,66.7,0.35,0.23,0.00,0.00,16.2,0,0,0,0.4,0.4,0.12,-0.4,-0.4,Matches
479,Jesús Vallejo\c2111b45,es ESP,DF,Wolves,22,1997,1.8,0,0,0,,0.00,0.00,,,,0,0,0,0.0,0.0,,0.0,0.0,Matches
480,Jamie Vardy\45963054,eng ENG,FW,Leicester City,32,1987,33.7,23,87,38,43.7,2.58,1.13,0.22,0.50,12.4,0,4,5,20.3,16.5,0.20,+2.7,+2.5,Matches
481,Indiana Vassilev\04e195ee,us USA,FWMF,Aston Villa,18,2001,0.6,0,1,0,0.0,1.76,0.00,0.00,,21.5,0,0,0,0.0,0.0,0.03,0.0,0.0,Matches
482,Jan Vertonghen\ba23a904,be BEL,DF,Tottenham,32,1987,18.3,1,4,2,50.0,0.22,0.11,0.25,0.50,11.3,0,0,0,0.3,0.3,0.07,+0.7,+0.7,Matches
483,Jannik Vestergaard\1900032e,dk DEN,DF,Southampton,26,1992,16.6,1,10,5,50.0,0.60,0.30,0.10,0.20,11.7,0,0,0,0.8,0.8,0.08,+0.2,+0.2,Matches
484,Rúben Vinagre\b937e490,pt POR,DF,Wolves,20,1999,7.2,0,5,0,0.0,0.69,0.00,0.00,,13.0,0,0,0,0.3,0.3,0.07,-0.3,-0.3,Matches
485,Jake Vokins\d484c261,eng ENG,DF,Southampton,19,2000,1.0,0,1,0,0.0,1.00,0.00,0.00,,28.8,0,0,0,0.0,0.0,0.02,0.0,0.0,Matches
486,Mario Vrančić\16fa6881,ba BIH,MF,Norwich City,30,1989,7.1,1,14,3,21.4,1.98,0.42,0.07,0.33,18.2,2,0,0,1.7,1.7,0.12,-0.7,-0.7,Matches
487,Matěj Vydra\0d4ceb32,cz CZE,FW,Burnley,27,1992,9.1,2,18,10,55.6,1.98,1.10,0.11,0.20,12.7,0,0,0,3.7,3.7,0.21,-1.7,-1.7,Matches
488,Theo Walcott\1ecb65be,eng ENG,MFFW,Everton,30,1989,14.3,2,28,10,35.7,1.96,0.70,0.07,0.20,15.9,0,0,0,2.8,2.8,0.10,-0.8,-0.8,Matches
489,Kyle Walker\86dd77d1,eng ENG,DF,Manchester City,29,1990,26.6,1,13,3,23.1,0.49,0.11,0.08,0.33,26.6,1,0,0,1.0,1.0,0.08,0.0,0.0,Matches
490,Kyle Walker-Peters\984a5a64,eng ENG,DF,Southampton,22,1997,7.8,0,2,0,0.0,0.26,0.00,0.00,,17.0,0,0,0,0.1,0.1,0.04,-0.1,-0.1,Matches
491,Kyle Walker-Peters\984a5a64,eng ENG,DF,Tottenham,22,1997,2.7,0,1,0,0.0,0.37,0.00,0.00,,21.9,0,0,0,0.0,0.0,0.02,0.0,0.0,Matches
492,Aaron Wan-Bissaka\9e525177,eng ENG,DF,Manchester Utd,21,1997,34.1,0,9,1,11.1,0.26,0.03,0.00,0.00,17.3,0,0,0,0.9,0.9,0.10,-0.9,-0.9,Matches
493,Victor Wanyama\e0900238,ke KEN,MF,Tottenham,28,1991,0.3,0,0,0,,0.00,0.00,,,,0,0,0,0.0,0.0,,0.0,0.0,Matches
494,Joel Ward\8a7ff278,eng ENG,DF,Crystal Palace,29,1989,26.5,0,5,1,20.0,0.19,0.04,0.00,0.00,14.0,0,0,0,0.3,0.3,0.07,-0.3,-0.3,Matches
495,James Ward-Prowse\3515d404,eng ENG,MFDF,Southampton,24,1994,38.0,5,54,23,42.6,1.42,0.61,0.07,0.17,23.1,24,1,3,7.1,4.6,0.09,-2.1,-0.6,Matches
496,Kelland Watts\603e4f0b,eng ENG,DF,Newcastle Utd,19,1999,0.2,0,0,0,,0.00,0.00,,,,0,0,0,0.0,0.0,,0.0,0.0,Matches
497,Adam Webster\c40b6180,eng ENG,DF,Brighton,24,1995,29.6,3,16,7,43.8,0.54,0.24,0.19,0.43,13.2,0,0,0,1.1,1.1,0.07,+1.9,+1.9,Matches
498,Danny Welbeck\ce5143da,eng ENG,FWMF,Watford,28,1990,9.1,2,21,9,42.9,2.30,0.99,0.10,0.22,10.7,0,0,0,3.3,3.3,0.16,-1.3,-1.3,Matches
499,Ashley Westwood\495945ef,eng ENG,MF,Burnley,29,1990,35.0,2,13,3,23.1,0.37,0.09,0.15,0.67,19.3,2,0,0,1.2,1.2,0.09,+0.8,+0.8,Matches
500,Connor Wickham\41cc19c2,eng ENG,FWMF,Crystal Palace,26,1993,1.1,1,4,2,50.0,3.75,1.87,0.25,0.50,12.3,0,0,0,1.3,1.3,0.33,-0.3,-0.3,Matches
501,Georginio Wijnaldum\eb58eef0,nl NED,MF,Liverpool,28,1990,32.6,4,36,15,41.7,1.10,0.46,0.11,0.27,15.1,0,0,0,3.1,3.1,0.09,+0.9,+0.9,Matches
502,Jetro Willems\9050ddc4,nl NED,DF,Newcastle Utd,25,1994,16.6,2,14,6,42.9,0.84,0.36,0.14,0.33,19.5,0,0,0,0.6,0.6,0.04,+1.4,+1.4,Matches
503,Brandon Williams\5e74d6c8,eng ENG,DF,Manchester Utd,18,2000,11.2,1,6,2,33.3,0.54,0.18,0.17,0.50,13.0,0,0,0,0.7,0.7,0.12,+0.3,+0.3,Matches
504,Neco Williams\dd323728,wls WAL,DF,Liverpool,18,2001,2.6,0,7,1,14.3,2.74,0.39,0.00,0.00,21.4,0,0,0,0.3,0.3,0.04,-0.3,-0.3,Matches
505,Willian\8b9ebd03,br BRA,FW,Chelsea,30,1988,28.9,9,67,26,38.8,2.32,0.90,0.07,0.19,19.6,8,4,4,7.1,4.0,0.06,+1.9,+1.0,Matches
506,Joe Willock\a3b03921,eng ENG,MFFW,Arsenal,19,1999,9.5,1,14,4,28.6,1.47,0.42,0.07,0.25,15.3,0,0,0,2.3,2.3,0.17,-1.3,-1.3,Matches
507,Jack Wilshere\9c318325,eng ENG,MF,West Ham,27,1992,2.4,0,0,0,,0.00,0.00,,,,0,0,0,0.0,0.0,,0.0,0.0,Matches
508,Callum Wilson\c596fcb0,eng ENG,FW,Bournemouth,27,1992,32.3,8,54,22,40.7,1.67,0.68,0.15,0.36,11.2,0,0,0,10.0,10.0,0.19,-2.0,-2.0,Matches
509,Harry Wilson\c6dc9ecd,wls WAL,MFFW,Bournemouth,22,1997,18.3,7,54,19,35.2,2.95,1.04,0.13,0.37,19.8,12,0,0,4.5,4.5,0.08,+2.5,+2.5,Matches
510,Harry Winks\2f7acede,eng ENG,MF,Tottenham,23,1996,24.7,0,14,2,14.3,0.57,0.08,0.00,0.00,24.3,0,0,0,0.5,0.5,0.03,-0.5,-0.5,Matches
511,Chris Wood\4e9a0555,nz NZL,FW,Burnley,27,1991,27.1,14,64,28,43.8,2.36,1.03,0.20,0.46,10.2,0,1,1,13.0,12.2,0.19,+1.0,+0.8,Matches
512,Granit Xhaka\e61b8aee,ch SUI,MF,Arsenal,26,1992,28.7,1,11,3,27.3,0.38,0.10,0.09,0.33,23.8,0,0,0,0.3,0.3,0.03,+0.7,+0.7,Matches
513,Andriy Yarmolenko\849c826a,ua UKR,MFFW,West Ham,29,1989,11.0,5,26,12,46.2,2.36,1.09,0.19,0.42,17.5,2,0,0,2.1,2.1,0.08,+2.9,+2.9,Matches
514,DeAndre Yedlin\ae0a7ddf,us USA,DF,Newcastle Utd,26,1993,10.4,1,1,1,100.0,0.10,0.10,1.00,1.00,4.1,0,0,0,0.7,0.7,0.68,+0.3,+0.3,Matches
515,Maya Yoshida\caffaf5a,jp JPN,DF,Southampton,30,1988,6.2,0,4,3,75.0,0.64,0.48,0.00,0.00,12.6,0,0,0,0.5,0.5,0.12,-0.5,-0.5,Matches
516,Ashley Young\be927d03,eng ENG,DF,Manchester Utd,34,1985,10.6,0,3,0,0.0,0.28,0.00,0.00,,20.9,0,0,0,0.1,0.1,0.04,-0.1,-0.1,Matches
517,Pablo Zabaleta\6813ac34,ar ARG,DF,West Ham,34,1985,6.6,0,1,0,0.0,0.15,0.00,0.00,,12.2,0,0,0,0.0,0.0,0.04,0.0,0.0,Matches
518,Wilfried Zaha\b2bc3b1f,ci CIV,MFFW,Crystal Palace,26,1992,36.4,4,61,17,27.9,1.67,0.47,0.07,0.24,15.8,0,0,0,5.3,5.3,0.09,-1.3,-1.3,Matches
519,Christoph Zimmermann\2d5f03bf,de GER,DF,Norwich City,26,1993,15.9,0,6,1,16.7,0.38,0.06,0.00,0.00,14.7,0,0,0,0.3,0.3,0.05,-0.3,-0.3,Matches
520,Oleksandr Zinchenko\51cf8561,ua UKR,DF,Manchester City,22,1996,14.2,0,16,3,18.8,1.13,0.21,0.00,0.00,25.6,0,0,0,0.4,0.4,0.03,-0.4,-0.4,Matches
521,Richairo Živković\d2d74d9c,nl NED,FW,Sheffield Utd,22,1996,1.2,0,1,0,0.0,0.80,0.00,0.00,,13.9,0,0,0,0.0,0.0,0.04,0.0,0.0,Matches
522,Kurt Zouma\ce4246f5,fr FRA,DF,Chelsea,24,1994,26.0,0,15,5,33.3,0.58,0.19,0.00,0.00,11.0,0,0,0,0.8,0.8,0.05,-0.8,-0.8,Matches